,1.0,2.0,2.9999999999999996,4.0,7.0,8.0,9.0,11.0,14.0,15.0,16.0,17.0,18.0,21.0,22.0,23.0,23.999999999999996,25.0,28.0,29.000000000000004,30.0,31.0,32.0,35.0,39.0,44.0,46.0,60.0,74.0,95.0,102.0,123.0,134.0,151.0,179.0,213.00000000000003,225.0,242.00000000000003,277.0,305.0,317.0,333.0,368.0,396.0,577.0,760.0,1124.0,1495.0
0.15994727987704677,34.0,4.0,7.0,1.0,3.0,5.0,250.0,2.0,1.0,,1.0,2.0,1.0,,1.0,1.0,2.0,1.0,,,,,2.0,1.0,,2.0,,9.0,,25.0,3.0,2.0,14.0,3.0,2.0,2.0,,1.0,40.0,1.0,2.0,1.0,,3.0,,1.0,2.0,3.0
0.1679446438708991,34.0,4.0,7.0,1.0,3.0,5.0,250.0,2.0,1.0,,1.0,2.0,1.0,,1.0,1.0,2.0,1.0,,,,,2.0,1.0,,2.0,,9.0,,25.0,3.0,2.0,14.0,3.0,2.0,2.0,,1.0,40.0,1.0,2.0,1.0,,3.0,,1.0,2.0,3.0
0.17594200786475145,34.0,4.0,7.0,1.0,3.0,5.0,250.0,2.0,1.0,,1.0,2.0,1.0,,1.0,1.0,2.0,1.0,,,,,1.0,1.0,,2.0,,9.0,,25.0,3.0,2.0,14.0,3.0,2.0,2.0,,1.0,40.0,1.0,2.0,1.0,,3.0,,1.0,2.0,3.0
0.1839393718586038,34.0,4.0,7.0,1.0,3.0,5.0,250.0,2.0,1.0,,1.0,2.0,1.0,,1.0,1.0,2.0,1.0,,,,,1.0,1.0,,2.0,,9.0,,25.0,3.0,2.0,14.0,3.0,2.0,2.0,,1.0,40.0,1.0,2.0,1.0,,3.0,,1.0,2.0,3.0
0.20393278184323463,34.0,4.0,7.0,1.0,3.0,5.0,250.0,2.0,1.0,,1.0,2.0,1.0,,1.0,1.0,2.0,1.0,,,,,1.0,1.0,,2.0,,9.0,,25.0,3.0,2.0,14.0,3.0,2.0,2.0,,1.0,40.0,1.0,2.0,1.0,,3.0,,1.0,2.0,3.0
0.2079314638401608,34.0,4.0,7.0,1.0,3.0,5.0,250.0,2.0,1.0,,1.0,2.0,1.0,,1.0,1.0,2.0,1.0,,,,,6.0,1.0,,2.0,,9.0,,25.0,3.0,2.0,14.0,3.0,2.0,2.0,,1.0,40.0,1.0,2.0,1.0,,3.0,,1.0,2.0,3.0
0.23992091981557018,34.0,4.0,7.0,1.0,3.0,5.0,250.0,2.0,1.0,,1.0,2.0,1.0,,1.0,1.0,2.0,1.0,,,,,2.0,1.0,,2.0,,9.0,,25.0,3.0,2.0,14.0,3.0,2.0,2.0,,1.0,40.0,1.0,2.0,1.0,,3.0,,1.0,2.0,3.0
0.259914329800201,34.0,4.0,7.0,1.0,3.0,5.0,250.0,2.0,1.0,,1.0,2.0,1.0,,1.0,1.0,2.0,1.0,,,,,6.0,1.0,,2.0,,9.0,,25.0,3.0,2.0,14.0,3.0,2.0,2.0,,1.0,40.0,1.0,2.0,1.0,,3.0,,1.0,2.0,3.0
0.2639130117971272,34.0,4.0,7.0,1.0,3.0,5.0,250.0,2.0,1.0,,1.0,2.0,1.0,,1.0,1.0,2.0,1.0,,,,,1.0,1.0,,2.0,,9.0,,25.0,3.0,2.0,14.0,3.0,2.0,2.0,,1.0,40.0,1.0,2.0,1.0,,3.0,,1.0,2.0,3.0
0.26791169379405333,34.0,4.0,7.0,1.0,3.0,5.0,250.0,2.0,1.0,,1.0,2.0,1.0,,1.0,1.0,2.0,1.0,,,,,1.0,1.0,,2.0,,9.0,,25.0,3.0,2.0,14.0,3.0,2.0,2.0,,1.0,40.0,1.0,2.0,1.0,,3.0,,1.0,2.0,3.0
0.27191037579097954,34.0,4.0,7.0,1.0,3.0,5.0,250.0,2.0,1.0,,1.0,2.0,1.0,,1.0,1.0,2.0,1.0,,,,,2.0,1.0,,2.0,,9.0,,25.0,3.0,2.0,14.0,3.0,2.0,2.0,,1.0,40.0,1.0,2.0,1.0,,3.0,,1.0,2.0,3.0
0.2759090577879057,34.0,4.0,7.0,1.0,3.0,5.0,250.0,2.0,1.0,,1.0,2.0,1.0,,1.0,1.0,2.0,1.0,,,,,1.0,1.0,,2.0,,9.0,,25.0,3.0,2.0,14.0,3.0,2.0,2.0,,1.0,40.0,1.0,2.0,1.0,,3.0,,1.0,2.0,3.0
0.27990773978483185,34.0,4.0,7.0,1.0,3.0,5.0,250.0,2.0,1.0,,1.0,2.0,1.0,,1.0,1.0,2.0,1.0,,,,,1.0,1.0,,2.0,,9.0,,25.0,3.0,2.0,14.0,3.0,2.0,2.0,,1.0,40.0,1.0,2.0,1.0,,3.0,,1.0,2.0,3.0
0.29590246777253654,34.0,4.0,7.0,1.0,3.0,5.0,250.0,2.0,1.0,,1.0,2.0,1.0,,1.0,1.0,2.0,1.0,,,,,12.0,1.0,,2.0,,9.0,,25.0,3.0,2.0,14.0,3.0,2.0,2.0,,1.0,40.0,1.0,2.0,1.0,,3.0,,1.0,2.0,3.0
0.3118971957602412,34.0,4.0,7.0,1.0,3.0,5.0,250.0,2.0,1.0,,1.0,2.0,1.0,,1.0,1.0,2.0,1.0,,,,,1.0,1.0,,2.0,,9.0,,25.0,3.0,2.0,14.0,3.0,2.0,2.0,,1.0,40.0,1.0,2.0,1.0,,3.0,,1.0,2.0,3.0
0.3358892877417982,34.0,4.0,7.0,1.0,3.0,5.0,250.0,2.0,1.0,,1.0,2.0,1.0,,1.0,1.0,2.0,1.0,,,,,8.0,1.0,,2.0,,9.0,,25.0,3.0,2.0,14.0,3.0,2.0,2.0,,1.0,40.0,1.0,2.0,1.0,,3.0,,1.0,2.0,3.0
0.3398879697387244,34.0,4.0,7.0,1.0,3.0,5.0,250.0,2.0,1.0,,1.0,2.0,1.0,,1.0,1.0,2.0,1.0,,,,,16.0,1.0,,2.0,,9.0,,25.0,3.0,2.0,14.0,3.0,2.0,2.0,,1.0,40.0,1.0,2.0,1.0,,3.0,,1.0,2.0,3.0
0.34788533373257674,34.0,4.0,7.0,1.0,3.0,5.0,250.0,2.0,1.0,,1.0,2.0,1.0,,1.0,1.0,2.0,1.0,,,,,1.0,1.0,,2.0,,9.0,,25.0,3.0,2.0,14.0,3.0,2.0,2.0,,1.0,40.0,1.0,2.0,1.0,,3.0,,1.0,2.0,3.0
0.3518840157295029,34.0,4.0,7.0,1.0,3.0,5.0,250.0,2.0,1.0,,1.0,2.0,1.0,,1.0,1.0,2.0,1.0,,,,,4.0,1.0,,2.0,,9.0,,25.0,3.0,2.0,14.0,3.0,2.0,2.0,,1.0,40.0,1.0,2.0,1.0,,3.0,,1.0,2.0,3.0
0.35988137972335527,34.0,4.0,7.0,1.0,3.0,5.0,250.0,2.0,1.0,,1.0,2.0,1.0,,1.0,1.0,2.0,1.0,,,,,1.0,1.0,,2.0,,9.0,,25.0,3.0,2.0,14.0,3.0,2.0,2.0,,1.0,40.0,1.0,2.0,1.0,,3.0,,1.0,2.0,3.0
0.3638800617202814,34.0,4.0,7.0,1.0,3.0,5.0,250.0,2.0,1.0,,1.0,2.0,1.0,,1.0,1.0,2.0,1.0,,,,,4.0,1.0,,2.0,,9.0,,25.0,3.0,2.0,14.0,3.0,2.0,2.0,,1.0,40.0,1.0,2.0,1.0,,3.0,,1.0,2.0,3.0
0.38387347170491226,34.0,4.0,7.0,1.0,3.0,5.0,250.0,2.0,1.0,,1.0,2.0,1.0,,1.0,1.0,2.0,1.0,,,,,4.0,1.0,,2.0,,9.0,,25.0,3.0,2.0,14.0,3.0,2.0,2.0,,1.0,40.0,1.0,2.0,1.0,,3.0,,1.0,2.0,3.0
0.40786556368646926,34.0,4.0,7.0,1.0,3.0,5.0,250.0,2.0,1.0,,1.0,2.0,1.0,,1.0,1.0,2.0,1.0,,,,,2.0,1.0,,2.0,,9.0,,25.0,3.0,2.0,14.0,3.0,2.0,2.0,,1.0,40.0,1.0,2.0,1.0,,3.0,,1.0,2.0,3.0
0.41186424568339547,34.0,4.0,7.0,1.0,3.0,5.0,250.0,2.0,1.0,,1.0,2.0,1.0,,1.0,1.0,2.0,1.0,,,,,2.0,1.0,,2.0,,9.0,,25.0,3.0,2.0,14.0,3.0,2.0,2.0,,1.0,40.0,1.0,2.0,1.0,,3.0,,1.0,2.0,3.0
0.4158629276803216,34.0,4.0,7.0,1.0,3.0,5.0,250.0,2.0,1.0,,1.0,2.0,1.0,,1.0,1.0,2.0,1.0,,,,,1.0,1.0,,2.0,,9.0,,25.0,3.0,2.0,14.0,3.0,2.0,2.0,,1.0,40.0,1.0,2.0,1.0,,3.0,,1.0,2.0,3.0
0.4198616096772478,34.0,4.0,7.0,1.0,3.0,5.0,250.0,2.0,1.0,,1.0,2.0,1.0,,1.0,1.0,2.0,1.0,,,,,1.0,1.0,,2.0,,9.0,,25.0,3.0,2.0,14.0,3.0,2.0,2.0,,1.0,40.0,1.0,2.0,1.0,,3.0,,1.0,2.0,3.0
0.42386029167417394,34.0,4.0,7.0,1.0,3.0,5.0,250.0,2.0,1.0,,1.0,2.0,1.0,,1.0,1.0,2.0,1.0,,,,,1.0,1.0,,2.0,,9.0,,25.0,3.0,2.0,14.0,3.0,2.0,2.0,,1.0,40.0,1.0,2.0,1.0,,3.0,,1.0,2.0,3.0
0.42785897367110015,34.0,4.0,7.0,1.0,3.0,5.0,250.0,2.0,1.0,,1.0,2.0,1.0,,1.0,1.0,2.0,1.0,,,,,4.0,1.0,,2.0,,9.0,,25.0,3.0,2.0,14.0,3.0,2.0,2.0,,1.0,40.0,1.0,2.0,1.0,,3.0,,1.0,2.0,3.0
0.4398550196618786,34.0,4.0,7.0,1.0,3.0,5.0,250.0,2.0,1.0,,1.0,2.0,1.0,,1.0,1.0,2.0,1.0,,,,,1.0,1.0,,2.0,,9.0,,25.0,3.0,2.0,14.0,3.0,2.0,2.0,,1.0,40.0,1.0,2.0,1.0,,3.0,,1.0,2.0,3.0
0.47984183963114035,34.0,4.0,7.0,1.0,3.0,5.0,250.0,2.0,1.0,,1.0,2.0,1.0,,1.0,1.0,2.0,1.0,,,,,2.0,1.0,,2.0,,9.0,,25.0,3.0,2.0,14.0,3.0,2.0,2.0,,1.0,40.0,1.0,2.0,1.0,,3.0,,1.0,2.0,3.0
0.4838405216280665,34.0,4.0,7.0,1.0,3.0,5.0,250.0,2.0,1.0,,1.0,2.0,1.0,,1.0,1.0,2.0,1.0,,,,,8.0,1.0,,2.0,,9.0,,25.0,3.0,2.0,14.0,3.0,2.0,2.0,,1.0,40.0,1.0,2.0,1.0,,5.0,,1.0,2.0,3.0
0.48783920362499267,34.0,4.0,7.0,1.0,3.0,5.0,250.0,2.0,1.0,,1.0,2.0,1.0,,1.0,1.0,2.0,1.0,,,,,2.0,1.0,,2.0,,9.0,,25.0,3.0,2.0,14.0,3.0,2.0,2.0,,1.0,40.0,1.0,2.0,1.0,,1.0,,1.0,2.0,3.0
0.495836567618845,34.0,4.0,7.0,1.0,3.0,5.0,250.0,2.0,1.0,,1.0,2.0,1.0,,1.0,1.0,2.0,1.0,,,,,2.0,1.0,,2.0,,9.0,,25.0,3.0,2.0,14.0,3.0,2.0,2.0,,1.0,40.0,1.0,2.0,1.0,,1.0,,1.0,2.0,3.0
0.4998352496157712,34.0,4.0,7.0,1.0,3.0,5.0,250.0,2.0,1.0,,1.0,2.0,1.0,,1.0,1.0,2.0,1.0,,,,,4.0,1.0,,2.0,,9.0,,25.0,3.0,2.0,14.0,3.0,2.0,2.0,,1.0,40.0,1.0,2.0,1.0,,1.0,,2.0,2.0,3.0
0.5038339316126973,34.0,4.0,7.0,1.0,3.0,5.0,250.0,2.0,1.0,,1.0,2.0,1.0,,1.0,1.0,2.0,1.0,,,,,2.0,1.0,,2.0,,9.0,,25.0,3.0,6.0,14.0,3.0,2.0,2.0,,1.0,40.0,1.0,2.0,1.0,,2.0,,2.0,2.0,3.0
0.5078326136096235,34.0,4.0,7.0,1.0,3.0,5.0,250.0,2.0,1.0,,1.0,2.0,1.0,,1.0,1.0,2.0,1.0,,,,,1.0,1.0,,2.0,,9.0,,25.0,3.0,6.0,14.0,3.0,2.0,2.0,,1.0,40.0,1.0,2.0,1.0,,1.0,,2.0,2.0,3.0
0.5118312956065497,34.0,4.0,7.0,1.0,3.0,5.0,250.0,2.0,1.0,,1.0,2.0,1.0,,1.0,1.0,2.0,1.0,,,,,2.0,1.0,,2.0,,9.0,,25.0,3.0,6.0,14.0,3.0,2.0,2.0,,1.0,40.0,1.0,2.0,1.0,,6.0,,1.0,2.0,3.0
0.5158299776034758,34.0,4.0,7.0,1.0,3.0,5.0,250.0,2.0,1.0,,1.0,2.0,1.0,,1.0,1.0,2.0,1.0,,,,,1.0,1.0,,2.0,,9.0,,25.0,3.0,6.0,14.0,3.0,2.0,2.0,,1.0,40.0,1.0,2.0,1.0,,1.0,,1.0,2.0,3.0
0.519828659600402,34.0,4.0,7.0,1.0,3.0,5.0,250.0,2.0,1.0,,1.0,2.0,1.0,,1.0,1.0,2.0,1.0,,,,,1.0,1.0,,2.0,,9.0,,25.0,3.0,2.0,14.0,3.0,2.0,2.0,,1.0,40.0,1.0,2.0,1.0,,1.0,,2.0,2.0,3.0
0.5238273415973282,34.0,4.0,7.0,1.0,3.0,5.0,250.0,2.0,1.0,,1.0,2.0,1.0,,1.0,1.0,2.0,1.0,,,,,28.0,1.0,,2.0,,9.0,,25.0,3.0,2.0,14.0,3.0,2.0,2.0,,1.0,40.0,1.0,2.0,1.0,,,,2.0,2.0,3.0
0.5278260235942543,34.0,4.0,7.0,1.0,3.0,5.0,250.0,2.0,1.0,,1.0,2.0,1.0,,1.0,1.0,2.0,1.0,,,,,1.0,1.0,,2.0,,9.0,,25.0,3.0,,14.0,3.0,2.0,2.0,,1.0,40.0,1.0,2.0,1.0,,1.0,,2.0,2.0,3.0
0.5398220695850329,34.0,4.0,7.0,1.0,3.0,5.0,250.0,2.0,1.0,,1.0,2.0,1.0,,1.0,1.0,2.0,1.0,,,,,1.0,1.0,,2.0,,9.0,,25.0,3.0,8.0,14.0,3.0,2.0,2.0,,1.0,40.0,1.0,2.0,1.0,,1.0,,2.0,2.0,3.0
0.5438207515819591,34.0,4.0,7.0,3.0,3.0,5.0,250.0,2.0,1.0,,1.0,2.0,1.0,,1.0,1.0,2.0,1.0,,,,,2.0,1.0,,2.0,,9.0,,25.0,3.0,1.0,14.0,3.0,2.0,2.0,,1.0,40.0,1.0,2.0,1.0,,1.0,,2.0,2.0,3.0
0.5478194335788852,34.0,4.0,7.0,3.0,3.0,5.0,250.0,2.0,1.0,,1.0,2.0,1.0,,1.0,1.0,2.0,1.0,,,,,5.0,1.0,,2.0,,9.0,,25.0,3.0,1.0,14.0,3.0,2.0,2.0,,1.0,40.0,1.0,2.0,1.0,,1.0,,2.0,2.0,3.0
0.5518181155758114,34.0,4.0,7.0,3.0,3.0,5.0,250.0,2.0,1.0,,1.0,2.0,1.0,,1.0,1.0,2.0,1.0,,,,,1.0,1.0,,2.0,,9.0,,25.0,3.0,12.0,14.0,3.0,2.0,1.0,,1.0,40.0,1.0,2.0,1.0,,1.0,,1.0,2.0,3.0
0.5558167975727375,34.0,4.0,7.0,3.0,3.0,5.0,250.0,2.0,1.0,,1.0,2.0,1.0,,1.0,1.0,2.0,1.0,,,,,3.0,1.0,,2.0,,9.0,,25.0,3.0,12.0,14.0,3.0,2.0,1.0,,1.0,40.0,1.0,2.0,1.0,,1.0,,1.0,2.0,3.0
0.5598154795696637,34.0,4.0,7.0,1.0,3.0,5.0,250.0,2.0,1.0,,1.0,2.0,1.0,,1.0,1.0,2.0,1.0,,,,,2.0,1.0,,2.0,,9.0,,25.0,3.0,1.0,14.0,3.0,2.0,1.0,,1.0,40.0,1.0,2.0,1.0,,1.0,,5.0,2.0,3.0
0.567812843563516,34.0,4.0,7.0,2.0,3.0,5.0,250.0,2.0,1.0,,1.0,2.0,1.0,,1.0,1.0,2.0,1.0,,,,,1.0,1.0,,,,9.0,,2.0,3.0,2.0,,3.0,2.0,,,1.0,40.0,1.0,2.0,1.0,,1.0,,1.0,2.0,3.0
0.5758102075573684,34.0,4.0,7.0,4.0,3.0,5.0,250.0,2.0,1.0,,1.0,2.0,1.0,,1.0,1.0,2.0,1.0,,,,,2.0,1.0,,,,2.0,,1.0,3.0,149.0,,3.0,2.0,2.0,,1.0,40.0,1.0,2.0,1.0,,1.0,,2.0,2.0,3.0
0.5798088895542945,34.0,4.0,7.0,4.0,3.0,5.0,250.0,2.0,1.0,,1.0,2.0,1.0,,1.0,1.0,2.0,1.0,,,,,1.0,1.0,,,,2.0,,1.0,3.0,149.0,,3.0,2.0,2.0,,1.0,40.0,1.0,2.0,1.0,,1.0,,2.0,2.0,3.0
0.5838075715512208,34.0,4.0,7.0,16.0,3.0,5.0,250.0,2.0,1.0,,1.0,2.0,1.0,,1.0,1.0,2.0,1.0,,,,,1.0,1.0,,1.0,,2.0,,11.0,3.0,4.0,,3.0,2.0,1.0,,1.0,40.0,1.0,2.0,1.0,,1.0,,,2.0,3.0
0.5878062535481469,34.0,4.0,7.0,16.0,3.0,5.0,250.0,2.0,1.0,,1.0,2.0,1.0,,1.0,1.0,2.0,1.0,,,,,4.0,1.0,,1.0,,5.0,,11.0,3.0,4.0,1.0,3.0,15.0,1.0,,1.0,40.0,1.0,2.0,1.0,,,,,2.0,3.0
0.5918049355450731,34.0,4.0,7.0,1.0,3.0,5.0,250.0,2.0,1.0,,1.0,2.0,1.0,,1.0,1.0,2.0,1.0,,,,,5.0,1.0,,1.0,,5.0,,2.0,3.0,1.0,1.0,3.0,15.0,23.0,,1.0,40.0,1.0,2.0,1.0,,2.0,,,2.0,3.0
0.5958036175419993,34.0,4.0,7.0,1.0,3.0,5.0,250.0,2.0,1.0,,1.0,2.0,1.0,,1.0,1.0,2.0,1.0,,,,,15.0,1.0,,1.0,,5.0,,2.0,3.0,1.0,1.0,3.0,15.0,23.0,,1.0,40.0,1.0,2.0,1.0,,1.0,,6.0,2.0,3.0
0.5998022995389254,34.0,4.0,7.0,14.0,3.0,5.0,250.0,2.0,1.0,,1.0,2.0,1.0,,1.0,1.0,2.0,1.0,,,,,1.0,1.0,,2.0,,1.0,,1.0,3.0,7.0,1.0,3.0,15.0,1.0,,1.0,40.0,1.0,2.0,1.0,,1.0,,6.0,2.0,3.0
0.6077996635327777,34.0,4.0,7.0,22.0,3.0,5.0,250.0,2.0,1.0,,1.0,2.0,1.0,,1.0,1.0,2.0,1.0,,,,,2.0,1.0,,,,2.0,,1.0,3.0,,,3.0,,,,1.0,40.0,1.0,2.0,1.0,,,,,2.0,3.0
0.6157970275266301,34.0,4.0,7.0,20.0,3.0,5.0,250.0,2.0,1.0,,1.0,2.0,1.0,,1.0,1.0,2.0,1.0,,,,,1.0,1.0,,,,2.0,,,3.0,1.0,,3.0,1.0,3.0,,1.0,40.0,21.0,2.0,1.0,,1.0,,4.0,2.0,3.0
0.6197957095235562,34.0,4.0,7.0,20.0,3.0,5.0,250.0,2.0,1.0,,1.0,2.0,1.0,,1.0,1.0,2.0,1.0,,,,,2.0,1.0,,,,,,,3.0,6.0,,3.0,1.0,3.0,,1.0,40.0,21.0,2.0,1.0,,2.0,,4.0,2.0,3.0
0.6237943915204824,34.0,4.0,7.0,2.0,3.0,5.0,250.0,2.0,1.0,,1.0,2.0,1.0,,1.0,1.0,2.0,1.0,,,,,2.0,1.0,,1.0,,,,,3.0,2.0,2.0,3.0,1.0,,,1.0,40.0,21.0,2.0,1.0,,2.0,,,1.0,1.0
0.6317917555143348,34.0,4.0,7.0,1.0,3.0,5.0,250.0,2.0,1.0,,1.0,2.0,1.0,,1.0,1.0,2.0,1.0,,,,,1.0,1.0,,1.0,,5.0,,,3.0,1.0,,3.0,1.0,1.0,,1.0,40.0,3.0,2.0,1.0,,3.0,,,1.0,1.0
0.6397891195081871,34.0,4.0,7.0,5.0,3.0,5.0,250.0,2.0,1.0,,1.0,2.0,1.0,,1.0,1.0,2.0,1.0,,,,,50.0,1.0,,2.0,,18.0,,,3.0,7.0,4.0,3.0,1.0,1.0,,1.0,40.0,3.0,2.0,1.0,,2.0,,2.0,1.0,1.0
0.6437878015051133,34.0,4.0,7.0,5.0,3.0,5.0,250.0,2.0,1.0,,1.0,2.0,1.0,,1.0,1.0,2.0,1.0,,,,,4.0,1.0,,2.0,,4.0,,,3.0,,4.0,3.0,1.0,5.0,,1.0,40.0,3.0,2.0,1.0,,1.0,,2.0,1.0,1.0
0.6517851654989656,34.0,4.0,7.0,1.0,3.0,5.0,250.0,2.0,1.0,,1.0,2.0,1.0,,1.0,1.0,2.0,1.0,,,,,11.0,1.0,,,,11.0,,2.0,3.0,,5.0,3.0,,,,1.0,40.0,2.0,2.0,1.0,,7.0,,2.0,1.0,
0.6597825294928179,34.0,4.0,7.0,2.0,3.0,5.0,250.0,2.0,1.0,,1.0,2.0,1.0,,1.0,1.0,2.0,1.0,,,,,1.0,1.0,,20.0,,6.0,,1.0,3.0,3.0,5.0,3.0,,3.0,,1.0,40.0,2.0,2.0,1.0,,1.0,,,1.0,
0.6637812114897441,34.0,4.0,7.0,4.0,3.0,5.0,250.0,2.0,1.0,,1.0,2.0,1.0,,1.0,1.0,2.0,1.0,,,,,3.0,1.0,,10.0,,2.0,,1.0,3.0,10.0,2.0,3.0,,,,1.0,40.0,2.0,2.0,1.0,,1.0,,,1.0,
0.6677798934866703,34.0,4.0,7.0,4.0,3.0,5.0,250.0,2.0,1.0,,1.0,2.0,1.0,,1.0,1.0,2.0,1.0,,,,,6.0,1.0,,10.0,,3.0,,1.0,3.0,,2.0,3.0,,3.0,,1.0,40.0,2.0,2.0,1.0,,1.0,,,1.0,
0.6717785754835964,34.0,4.0,7.0,1.0,3.0,5.0,250.0,2.0,1.0,,1.0,2.0,1.0,,1.0,1.0,2.0,1.0,,,,,1.0,1.0,,10.0,,2.0,,7.0,3.0,,2.0,3.0,,3.0,,1.0,40.0,3.0,2.0,1.0,,,,,1.0,
0.6757772574805226,34.0,4.0,7.0,1.0,3.0,5.0,250.0,2.0,1.0,,1.0,2.0,1.0,,1.0,1.0,2.0,1.0,,,,,4.0,1.0,,2.0,,1.0,,7.0,3.0,,2.0,3.0,1.0,3.0,,1.0,40.0,3.0,2.0,1.0,,3.0,,77.0,1.0,
0.6797759394774489,34.0,4.0,7.0,1.0,3.0,5.0,250.0,2.0,1.0,,1.0,2.0,1.0,,1.0,1.0,2.0,1.0,,,,,1.0,1.0,,2.0,,5.0,,5.0,3.0,4.0,2.0,3.0,,3.0,,1.0,40.0,3.0,2.0,1.0,,3.0,,77.0,1.0,
0.683774621474375,34.0,4.0,7.0,1.0,3.0,5.0,250.0,2.0,1.0,,1.0,2.0,1.0,,1.0,1.0,2.0,1.0,,,,,4.0,1.0,,2.0,,1.0,,5.0,3.0,2.0,2.0,3.0,,3.0,,1.0,40.0,3.0,2.0,1.0,,3.0,,77.0,1.0,
0.6877733034713012,34.0,4.0,7.0,1.0,3.0,5.0,250.0,2.0,1.0,,1.0,2.0,1.0,,1.0,1.0,2.0,1.0,,,,,4.0,1.0,,2.0,,1.0,,4.0,3.0,,3.0,3.0,,3.0,,1.0,40.0,3.0,2.0,1.0,,1.0,,77.0,1.0,
0.6917719854682273,34.0,4.0,7.0,1.0,3.0,5.0,250.0,2.0,1.0,,1.0,2.0,1.0,,1.0,1.0,2.0,1.0,,,,,4.0,1.0,,12.0,,1.0,,4.0,3.0,1.0,3.0,3.0,1.0,2.0,,1.0,40.0,2.0,2.0,1.0,,,,1.0,,
0.6957706674651535,34.0,4.0,7.0,4.0,3.0,5.0,250.0,2.0,1.0,,1.0,2.0,1.0,,1.0,1.0,2.0,1.0,,,,,1.0,1.0,,12.0,,2.0,,1.0,3.0,1.0,1.0,3.0,1.0,2.0,,1.0,40.0,2.0,2.0,1.0,,2.0,,1.0,,
0.6997693494620797,34.0,4.0,7.0,2.0,3.0,5.0,250.0,2.0,1.0,,1.0,2.0,1.0,,1.0,1.0,2.0,1.0,,,,,6.0,1.0,,12.0,,1.0,,1.0,3.0,2.0,1.0,3.0,1.0,2.0,,1.0,40.0,2.0,2.0,1.0,,1.0,,1.0,,
0.7037680314590058,34.0,4.0,7.0,1.0,3.0,5.0,250.0,2.0,1.0,,1.0,2.0,1.0,,1.0,1.0,2.0,1.0,,,,,1.0,1.0,,12.0,,3.0,,5.0,3.0,2.0,,3.0,1.0,2.0,,1.0,40.0,2.0,2.0,1.0,,2.0,,1.0,,
0.707766713455932,34.0,4.0,7.0,1.0,3.0,5.0,250.0,2.0,1.0,,1.0,2.0,1.0,,1.0,1.0,2.0,1.0,,,,,3.0,1.0,,12.0,,11.0,,5.0,3.0,6.0,,3.0,4.0,3.0,,1.0,40.0,2.0,2.0,1.0,,,,1.0,,
0.7117653954528581,34.0,4.0,7.0,2.0,3.0,5.0,250.0,2.0,1.0,,1.0,2.0,1.0,,1.0,1.0,2.0,1.0,,,,,1.0,1.0,,2.0,,1.0,,5.0,3.0,2.0,,3.0,4.0,3.0,,1.0,40.0,3.0,2.0,1.0,,,,10.0,,
0.7157640774497843,34.0,4.0,7.0,2.0,3.0,5.0,250.0,2.0,1.0,,1.0,2.0,1.0,,1.0,1.0,2.0,1.0,,,,,1.0,1.0,,2.0,,3.0,,5.0,3.0,1.0,2.0,3.0,,2.0,,1.0,40.0,3.0,2.0,1.0,,,,10.0,,
0.7197627594467105,34.0,4.0,7.0,1.0,3.0,5.0,250.0,2.0,1.0,,1.0,2.0,1.0,,1.0,1.0,2.0,1.0,,,,,3.0,1.0,,2.0,,1.0,,1.0,3.0,1.0,4.0,5.0,8.0,2.0,,1.0,40.0,3.0,2.0,1.0,,3.0,,10.0,,
0.7237614414436366,34.0,4.0,7.0,1.0,3.0,5.0,250.0,2.0,1.0,,1.0,2.0,1.0,,1.0,1.0,2.0,1.0,,,,,3.0,1.0,,2.0,,9.0,,2.0,3.0,2.0,4.0,5.0,1.0,1.0,,1.0,40.0,3.0,2.0,1.0,,1.0,,10.0,,
0.7277601234405628,34.0,4.0,7.0,10.0,3.0,5.0,250.0,2.0,1.0,,1.0,2.0,1.0,,1.0,1.0,2.0,1.0,,,,,2.0,1.0,,2.0,,4.0,,,3.0,15.0,,5.0,1.0,6.0,,1.0,40.0,3.0,2.0,1.0,,8.0,,2.0,,
0.7317588054374891,34.0,4.0,7.0,4.0,3.0,5.0,250.0,1.0,1.0,,1.0,2.0,,,1.0,1.0,2.0,1.0,,,,,7.0,1.0,,4.0,,2.0,,5.0,3.0,3.0,,,1.0,3.0,,1.0,40.0,3.0,2.0,1.0,,1.0,,2.0,,
0.7357574874344152,34.0,4.0,7.0,8.0,3.0,5.0,250.0,1.0,1.0,,1.0,2.0,,,1.0,1.0,2.0,1.0,,,,,11.0,1.0,,4.0,,1.0,,4.0,3.0,4.0,,,,4.0,,1.0,40.0,3.0,2.0,1.0,,1.0,,2.0,,
0.7397561694313414,34.0,4.0,7.0,2.0,3.0,5.0,250.0,1.0,1.0,,1.0,2.0,,,1.0,1.0,2.0,1.0,,,,,1.0,1.0,,15.0,,12.0,,1.0,3.0,1.0,,1.0,,1.0,,1.0,40.0,3.0,2.0,1.0,,3.0,,1.0,,
0.7437548514282675,34.0,4.0,7.0,1.0,3.0,5.0,250.0,1.0,1.0,,1.0,2.0,,,1.0,1.0,2.0,1.0,,,,,5.0,1.0,,2.0,,8.0,1.0,1.0,3.0,2.0,,1.0,,5.0,,1.0,40.0,3.0,2.0,1.0,,1.0,,3.0,,
0.7477535334251937,34.0,4.0,7.0,1.0,3.0,5.0,250.0,1.0,1.0,,1.0,2.0,,,1.0,1.0,2.0,1.0,,,,,20.0,1.0,,2.0,,5.0,1.0,8.0,3.0,1.0,,1.0,,,,1.0,40.0,3.0,2.0,1.0,,,,3.0,,
0.7517522154221199,34.0,4.0,7.0,1.0,3.0,5.0,250.0,1.0,1.0,,1.0,2.0,1.0,,1.0,1.0,2.0,1.0,,,,,1.0,1.0,,1.0,,3.0,1.0,3.0,3.0,1.0,3.0,,,1.0,,1.0,40.0,4.0,2.0,1.0,,1.0,,1.0,1.0,
0.755750897419046,34.0,4.0,7.0,4.0,3.0,5.0,250.0,1.0,1.0,,1.0,2.0,1.0,,1.0,1.0,2.0,1.0,,,,,26.0,1.0,,1.0,,1.0,1.0,1.0,3.0,1.0,3.0,,,15.0,,1.0,40.0,4.0,2.0,1.0,,10.0,,1.0,1.0,
0.7597495794159722,34.0,4.0,7.0,1.0,3.0,5.0,250.0,1.0,1.0,,1.0,2.0,1.0,,1.0,1.0,2.0,1.0,,,,,6.0,1.0,,1.0,,1.0,1.0,2.0,3.0,11.0,1.0,4.0,1.0,3.0,,1.0,40.0,4.0,2.0,1.0,,6.0,,1.0,1.0,
0.7637482614128983,34.0,4.0,7.0,5.0,3.0,5.0,250.0,1.0,1.0,,1.0,2.0,1.0,,1.0,1.0,2.0,1.0,,,,,41.0,1.0,2.0,1.0,,6.0,1.0,1.0,3.0,2.0,1.0,1.0,,1.0,,1.0,40.0,4.0,2.0,1.0,,6.0,,1.0,1.0,
0.7677469434098245,34.0,4.0,7.0,5.0,3.0,5.0,250.0,1.0,1.0,,1.0,2.0,1.0,,1.0,1.0,2.0,1.0,,,,,1.0,1.0,2.0,2.0,,5.0,1.0,12.0,3.0,4.0,1.0,1.0,,1.0,,1.0,40.0,4.0,2.0,1.0,,1.0,,,1.0,
0.7717456254067507,34.0,4.0,7.0,6.0,3.0,5.0,250.0,1.0,1.0,,1.0,2.0,,,1.0,1.0,2.0,,,,,,4.0,1.0,2.0,2.0,,1.0,1.0,6.0,3.0,4.0,1.0,,1.0,5.0,,1.0,40.0,2.0,2.0,1.0,,1.0,,,,
0.7757443074036768,34.0,4.0,7.0,4.0,3.0,5.0,250.0,1.0,1.0,,1.0,2.0,,,1.0,1.0,2.0,,,,,,1.0,1.0,2.0,2.0,,1.0,1.0,5.0,3.0,1.0,1.0,2.0,1.0,,,1.0,40.0,2.0,2.0,1.0,,,,,,
0.779742989400603,34.0,4.0,7.0,1.0,3.0,5.0,250.0,1.0,1.0,,1.0,2.0,,,1.0,1.0,2.0,,,,,,1.0,1.0,2.0,1.0,,3.0,1.0,1.0,3.0,1.0,2.0,10.0,1.0,,,1.0,40.0,2.0,2.0,1.0,,2.0,,2.0,,
0.7837416713975293,34.0,4.0,7.0,1.0,3.0,5.0,250.0,1.0,1.0,,1.0,2.0,,,1.0,1.0,2.0,,,,,,1.0,1.0,2.0,1.0,,3.0,1.0,14.0,3.0,2.0,1.0,,1.0,14.0,,1.0,40.0,2.0,2.0,1.0,,4.0,,2.0,,
0.7877403533944554,34.0,4.0,7.0,1.0,3.0,5.0,250.0,1.0,1.0,,1.0,2.0,,,1.0,1.0,2.0,,,,,,15.0,1.0,2.0,1.0,,3.0,1.0,6.0,3.0,1.0,,1.0,1.0,3.0,,1.0,40.0,2.0,2.0,1.0,,1.0,,,,
0.7917390353913816,34.0,4.0,7.0,1.0,3.0,5.0,250.0,2.0,1.0,,1.0,2.0,1.0,,1.0,1.0,2.0,3.0,,,,,4.0,1.0,2.0,1.0,,1.0,1.0,1.0,3.0,1.0,,3.0,,2.0,,,6.0,3.0,2.0,1.0,,1.0,,,2.0,
0.7957377173883077,34.0,4.0,7.0,5.0,3.0,5.0,250.0,2.0,1.0,,1.0,2.0,1.0,,1.0,1.0,2.0,3.0,,,,,6.0,1.0,2.0,2.0,,1.0,1.0,1.0,3.0,2.0,2.0,2.0,,4.0,,,6.0,3.0,2.0,1.0,,50.0,,,2.0,
0.7997363993852339,34.0,4.0,7.0,1.0,3.0,5.0,250.0,2.0,1.0,,1.0,2.0,1.0,,1.0,1.0,2.0,3.0,,,,,,1.0,2.0,1.0,,1.0,1.0,1.0,3.0,2.0,1.0,6.0,2.0,4.0,,,6.0,3.0,2.0,1.0,,50.0,,4.0,2.0,
0.8037350813821601,34.0,4.0,7.0,8.0,3.0,5.0,250.0,1.0,1.0,,1.0,2.0,1.0,,1.0,1.0,2.0,3.0,,,,,4.0,1.0,2.0,,,1.0,1.0,1.0,3.0,4.0,,,1.0,3.0,,,6.0,3.0,2.0,1.0,,3.0,,4.0,2.0,
0.8077337633790862,34.0,4.0,7.0,1.0,3.0,5.0,250.0,1.0,1.0,,1.0,2.0,1.0,,1.0,1.0,2.0,3.0,,,,,4.0,1.0,2.0,1.0,,9.0,1.0,1.0,3.0,2.0,,1.0,1.0,2.0,,,6.0,3.0,2.0,1.0,,3.0,,4.0,2.0,
0.8117324453760124,10.0,4.0,3.0,1.0,2.0,5.0,250.0,,1.0,,1.0,2.0,2.0,,1.0,1.0,2.0,,,,,,3.0,1.0,2.0,1.0,,2.0,,1.0,3.0,2.0,1.0,1.0,1.0,2.0,,,6.0,,2.0,1.0,,2.0,,2.0,,
0.8157311273729385,10.0,4.0,3.0,1.0,2.0,5.0,250.0,,1.0,,1.0,2.0,2.0,,1.0,1.0,2.0,,,,,,4.0,1.0,,1.0,,4.0,,1.0,3.0,3.0,1.0,1.0,,,,,6.0,,2.0,1.0,,39.0,,2.0,,
0.8197298093698647,10.0,4.0,3.0,1.0,2.0,5.0,250.0,1.0,1.0,,1.0,2.0,2.0,,1.0,1.0,2.0,,,,,,,1.0,,1.0,,1.0,,,3.0,6.0,1.0,,,88.0,,,6.0,,2.0,1.0,,4.0,,2.0,,
0.8237284913667909,10.0,4.0,3.0,4.0,2.0,5.0,250.0,1.0,1.0,,1.0,2.0,1.0,,1.0,1.0,2.0,,,,,,7.0,1.0,,1.0,,23.0,3.0,,3.0,1.0,,1.0,1.0,4.0,,3.0,6.0,,2.0,1.0,,2.0,,,,1.0
0.827727173363717,10.0,4.0,3.0,3.0,2.0,5.0,250.0,2.0,1.0,,1.0,2.0,,,1.0,1.0,2.0,,,,,,,1.0,,1.0,,9.0,3.0,,3.0,2.0,,1.0,1.0,4.0,,3.0,6.0,,2.0,1.0,,3.0,,4.0,,1.0
0.8317258553606433,23.0,,4.0,3.0,1.0,5.0,250.0,2.0,2.0,1.0,1.0,2.0,,,1.0,1.0,2.0,,,,,,2.0,1.0,,1.0,,8.0,3.0,,3.0,2.0,,,1.0,4.0,,3.0,2.0,,2.0,1.0,,1.0,,,,1.0
0.8357245373575694,23.0,,4.0,2.0,1.0,5.0,250.0,1.0,2.0,1.0,1.0,2.0,1.0,,1.0,1.0,2.0,,,,,,1.0,1.0,,2.0,,6.0,,4.0,3.0,25.0,,,2.0,6.0,,3.0,2.0,,2.0,1.0,,4.0,,8.0,,1.0
0.8397232193544956,23.0,,4.0,3.0,1.0,5.0,250.0,1.0,2.0,1.0,1.0,2.0,100.0,,1.0,,2.0,1.0,,,,,2.0,1.0,,1.0,,1.0,1.0,1.0,3.0,7.0,1.0,,2.0,2.0,,3.0,2.0,2.0,2.0,1.0,,8.0,,2.0,,1.0
0.8437219013514218,23.0,,4.0,1.0,1.0,1.0,250.0,1.0,2.0,1.0,1.0,2.0,3.0,,1.0,,2.0,1.0,,,,,1.0,1.0,,2.0,,1.0,1.0,,3.0,9.0,,1.0,5.0,2.0,,3.0,2.0,2.0,2.0,1.0,,8.0,,6.0,,1.0
0.8477205833483479,23.0,,4.0,,1.0,1.0,250.0,6.0,2.0,1.0,1.0,2.0,1.0,,1.0,,2.0,8.0,,,,,4.0,1.0,,1.0,,1.0,1.0,,3.0,1.0,,1.0,1.0,2.0,,3.0,2.0,,2.0,1.0,,28.0,,,,1.0
0.8517192653452741,4.0,2.0,1.0,2.0,1.0,1.0,1.0,2.0,,1.0,,2.0,1.0,,1.0,,2.0,8.0,,,,,21.0,1.0,1.0,1.0,,1.0,1.0,,3.0,3.0,,,,2.0,,6.0,2.0,,2.0,1.0,,12.0,,,,
0.8557179473422003,4.0,2.0,1.0,1.0,1.0,1.0,1.0,10.0,,1.0,,2.0,5.0,,1.0,,2.0,8.0,,,,,1.0,1.0,1.0,1.0,,2.0,1.0,1.0,3.0,2.0,,,,2.0,,6.0,2.0,2.0,2.0,1.0,,,,,,
0.8597166293391264,4.0,2.0,1.0,16.0,1.0,1.0,1.0,1.0,,1.0,,2.0,2.0,,1.0,,2.0,1.0,,,,,1.0,1.0,1.0,1.0,,5.0,,5.0,3.0,1.0,,,1.0,6.0,,1.0,2.0,4.0,2.0,1.0,,,,,,
0.8637153113360526,4.0,2.0,1.0,3.0,1.0,1.0,1.0,1.0,,,,2.0,1.0,,1.0,,2.0,,,,,,10.0,1.0,1.0,2.0,,1.0,,,3.0,1.0,,1.0,2.0,5.0,,1.0,2.0,1.0,2.0,1.0,,3.0,,,,
0.8677139933329787,4.0,2.0,1.0,1.0,1.0,1.0,1.0,2.0,,,,2.0,1.0,,1.0,,2.0,,,,,,1.0,1.0,1.0,2.0,,1.0,,1.0,3.0,4.0,,1.0,1.0,5.0,,27.0,2.0,,2.0,1.0,,,,,,
0.8707130048306734,32.0,1.0,2.0,1.0,1.0,,250.0,2.0,1.0,,35.0,2.0,5.0,,1.0,,2.0,,,,,,3.0,1.0,1.0,,,1.0,,1.0,3.0,4.0,,2.0,1.0,1.0,,27.0,,,2.0,1.0,,3.0,,,,1.0
0.8717126753299049,32.0,1.0,2.0,1.0,1.0,,250.0,2.0,1.0,,35.0,2.0,5.0,,1.0,,2.0,,,,,,3.0,1.0,1.0,3.0,,1.0,,1.0,3.0,4.0,,2.0,1.0,1.0,,27.0,,,2.0,1.0,,3.0,,,,1.0
0.8757113573268311,32.0,1.0,2.0,6.0,1.0,,250.0,1.0,1.0,,35.0,2.0,2.0,,1.0,,2.0,,,,,,1.0,1.0,1.0,1.0,,1.0,,,3.0,1.0,1.0,2.0,,1.0,,27.0,,4.0,2.0,1.0,,4.0,,,,1.0
0.8797100393237572,32.0,1.0,2.0,1.0,1.0,,250.0,3.0,1.0,,35.0,2.0,6.0,,,,2.0,1.0,,,,,16.0,1.0,1.0,10.0,,2.0,58.0,6.0,3.0,2.0,1.0,4.0,4.0,2.0,,,,5.0,2.0,1.0,,2.0,,2.0,,1.0
0.8837087213206835,32.0,1.0,2.0,2.0,1.0,2.0,250.0,1.0,1.0,,35.0,2.0,2.0,6.0,,1.0,2.0,1.0,,,,,14.0,1.0,1.0,1.0,,2.0,1.0,3.0,3.0,1.0,1.0,4.0,,2.0,,,,3.0,2.0,1.0,,4.0,,2.0,,1.0
0.8877074033176096,32.0,1.0,2.0,1.0,1.0,2.0,250.0,1.0,200.0,,35.0,2.0,5.0,6.0,,1.0,2.0,1.0,,,,,13.0,1.0,1.0,2.0,,1.0,,5.0,3.0,2.0,3.0,4.0,,2.0,,,,13.0,2.0,1.0,,1.0,,,,1.0
0.8917060853145358,2.0,15.0,6.0,64.0,1.0,1.0,250.0,52.0,200.0,,35.0,2.0,2.0,6.0,,1.0,2.0,1.0,,,,,8.0,1.0,,2.0,,1.0,1.0,1.0,3.0,2.0,,,7.0,2.0,,,,3.0,,1.0,,1.0,,,,1.0
0.8947050968122304,2.0,15.0,6.0,1.0,1.0,2.0,250.0,1.0,200.0,,35.0,2.0,,6.0,,1.0,2.0,1.0,,,,,26.0,1.0,1.0,1.0,,2.0,1.0,10.0,3.0,6.0,,,7.0,1.0,,,,3.0,,1.0,,,,3.0,,1.0
0.895704767311462,2.0,15.0,6.0,14.0,1.0,2.0,250.0,1.0,200.0,,35.0,2.0,5.0,6.0,,1.0,2.0,1.0,,,,,26.0,1.0,,1.0,,2.0,1.0,10.0,3.0,6.0,,,7.0,1.0,,,,3.0,,1.0,,,,3.0,,1.0
0.8997034493083881,28.0,1.0,5.0,9.0,1.0,12.0,250.0,5.0,200.0,,35.0,2.0,1.0,6.0,,1.0,2.0,3.0,,,,,1.0,1.0,,15.0,,5.0,,1.0,3.0,2.0,1.0,,3.0,3.0,,,,3.0,,,,2.0,,1.0,,1.0
0.9027024608060827,11.0,2.0,1.0,3.0,1.0,12.0,5.0,,200.0,,,2.0,2.0,6.0,,1.0,2.0,,,,,,2.0,1.0,2.0,2.0,,4.0,1.0,2.0,3.0,2.0,1.0,,3.0,1.0,,,,1.0,,,,3.0,,1.0,,1.0
0.9037021313053143,11.0,2.0,1.0,9.0,1.0,12.0,5.0,15.0,200.0,,,2.0,3.0,6.0,,1.0,2.0,,,,,,1.0,1.0,2.0,1.0,,4.0,1.0,2.0,3.0,2.0,1.0,,3.0,1.0,,,,1.0,,,,3.0,,1.0,,1.0
0.9047018018045458,11.0,2.0,1.0,1.0,1.0,12.0,5.0,15.0,201.0,,,2.0,,6.0,,1.0,2.0,,,,,,1.0,1.0,,1.0,,4.0,1.0,2.0,3.0,2.0,1.0,,3.0,1.0,,,,1.0,,,,3.0,,1.0,,1.0
0.9077008133022405,2.0,2.0,10.0,3.0,1.0,12.0,5.0,2.0,201.0,,,2.0,15.0,6.0,,1.0,2.0,1.0,,,,,1.0,1.0,,,,1.0,1.0,5.0,3.0,1.0,1.0,,3.0,1.0,,,,6.0,,,,4.0,,,,1.0
0.9116994952991666,8.0,101.0,4.0,1.0,,1.0,5.0,1.0,201.0,,,2.0,5.0,1.0,,1.0,2.0,9.0,,,,,2.0,1.0,,1.0,,4.0,1.0,,3.0,100.0,1.0,,3.0,1.0,,,,,,,,2.0,,,,1.0
0.9136988362976297,8.0,101.0,4.0,50.0,,1.0,5.0,,201.0,,,2.0,1.0,1.0,,1.0,2.0,,,,,,1.0,1.0,,10.0,,4.0,1.0,,3.0,100.0,3.0,,3.0,1.0,,,,,,,,2.0,,,,1.0
0.9156981772960928,12.0,2.0,11.0,4.0,,1.0,5.0,5.0,201.0,,,2.0,1.0,1.0,,1.0,2.0,1.0,,,,,1.0,1.0,,9.0,,,1.0,20.0,3.0,10.0,3.0,,3.0,1.0,,,1.0,4.0,,,,2.0,,,,1.0
0.9166978477953244,12.0,2.0,11.0,2.0,,1.0,5.0,5.0,201.0,2.0,,2.0,2.0,1.0,,1.0,2.0,1.0,,,,,1.0,1.0,,,,,1.0,20.0,3.0,10.0,3.0,,3.0,18.0,,,1.0,4.0,,,,2.0,,,,1.0
0.9176975182945559,12.0,2.0,11.0,3.0,,1.0,5.0,1.0,201.0,2.0,,2.0,2.0,1.0,,1.0,2.0,1.0,,,,,1.0,1.0,,2.0,,,1.0,20.0,3.0,10.0,3.0,,3.0,18.0,,,1.0,4.0,,,,2.0,,,,1.0
0.9186971887937875,34.0,,1.0,2.0,5.0,1.0,5.0,10.0,201.0,2.0,,2.0,1.0,1.0,,1.0,2.0,,,,,,1.0,1.0,,4.0,,1.0,1.0,2.0,3.0,4.0,3.0,,3.0,18.0,,,1.0,2.0,,,,5.0,,,,1.0
0.9196968592930189,34.0,,1.0,9.0,5.0,1.0,5.0,15.0,201.0,2.0,,2.0,1.0,1.0,,1.0,2.0,2.0,,,,,1.0,1.0,3.0,11.0,,1.0,1.0,2.0,3.0,4.0,3.0,,3.0,18.0,,,1.0,2.0,,,,5.0,,,,1.0
0.9206965297922505,34.0,,1.0,2.0,5.0,1.0,5.0,15.0,201.0,2.0,,2.0,1.0,1.0,,1.0,2.0,2.0,,,,,1.0,1.0,1.0,50.0,,1.0,1.0,2.0,3.0,4.0,3.0,,5.0,18.0,,,1.0,2.0,,,,5.0,,,,1.0
0.921696200291482,34.0,,1.0,2.0,5.0,1.0,5.0,5.0,201.0,2.0,,2.0,1.0,1.0,,1.0,2.0,2.0,,,,,1.0,1.0,,4.0,,1.0,1.0,2.0,3.0,4.0,3.0,,5.0,18.0,,,1.0,2.0,,,,5.0,,,,1.0
0.9226958707907136,12.0,11.0,,12.0,2.0,10.0,5.0,2.0,,,,2.0,1.0,1.0,,1.0,2.0,1.0,,,,,2.0,1.0,,2.0,,1.0,1.0,,3.0,2.0,1.0,,5.0,18.0,,,1.0,,,,,5.0,,,,1.0
0.9236955412899451,12.0,11.0,,4.0,2.0,10.0,5.0,5.0,,,,2.0,5.0,1.0,,1.0,2.0,1.0,,,,,1.0,1.0,,,,1.0,1.0,,3.0,2.0,1.0,,5.0,18.0,,,1.0,,,,,5.0,,,,1.0
0.9256948822884082,12.0,11.0,,10.0,2.0,10.0,2.0,,,,,2.0,2.0,1.0,,1.0,2.0,,,,,,,1.0,,,,1.0,1.0,,3.0,2.0,1.0,4.0,5.0,15.0,,,1.0,,,,,,,,,1.0
0.9266945527876398,26.0,2.0,3.0,18.0,2.0,10.0,2.0,,,,,,2.0,2.0,,1.0,2.0,,,,,,2.0,1.0,,2.0,,,,3.0,3.0,10.0,,4.0,5.0,15.0,,,1.0,4.0,,,,,,,,1.0
0.9276942232868713,26.0,2.0,3.0,2.0,2.0,10.0,2.0,2.0,,,,,1.0,2.0,,1.0,2.0,5.0,,,,,1.0,1.0,,2.0,,,,3.0,3.0,10.0,,4.0,5.0,15.0,,,1.0,4.0,,,,,,,,1.0
0.9306932347845659,38.0,2.0,1.0,8.0,1.0,,2.0,1.0,,,,2.0,1.0,2.0,,,2.0,2.0,,,,,2.0,1.0,,4.0,,3.0,1.0,,3.0,15.0,1.0,4.0,5.0,15.0,,,1.0,1.0,,,,,,,,1.0
0.9316929052837974,38.0,2.0,2.0,39.0,1.0,,2.0,52.0,,,,2.0,23.0,2.0,,,2.0,1.0,,,,,,1.0,1.0,3.0,,3.0,1.0,,3.0,15.0,1.0,4.0,5.0,15.0,,,1.0,1.0,,,,,,,,1.0
0.932692575783029,38.0,2.0,2.0,20.0,1.0,,2.0,1.0,2.0,,,2.0,,2.0,,,,1.0,,,,,2.0,1.0,4.0,,,3.0,1.0,,3.0,15.0,1.0,3.0,5.0,10.0,,,1.0,1.0,,,,,,,,1.0
0.9346919167814921,52.0,7.0,1.0,15.0,1.0,6.0,2.0,1.0,2.0,,6.0,9.0,4.0,1.0,,,,1.0,,,,,1.0,1.0,1.0,1.0,,1.0,1.0,2.0,3.0,13.0,8.0,3.0,5.0,10.0,,1.0,1.0,1.0,,,2.0,,,,,1.0
0.9356915872807237,52.0,7.0,12.0,32.0,1.0,6.0,2.0,2.0,2.0,,6.0,9.0,2.0,1.0,,,,3.0,,,,,1.0,1.0,1.0,1.0,,1.0,1.0,2.0,3.0,13.0,8.0,3.0,5.0,10.0,,1.0,1.0,1.0,,,2.0,,,,,1.0
0.9366912577799552,52.0,7.0,12.0,20.0,1.0,6.0,2.0,1.0,2.0,,6.0,9.0,1.0,1.0,,,,2.0,,,,,1.0,1.0,1.0,,,1.0,4.0,2.0,3.0,13.0,8.0,3.0,5.0,10.0,,1.0,1.0,1.0,,,2.0,,,,,1.0
0.9376909282791868,52.0,7.0,12.0,15.0,1.0,6.0,2.0,1.0,2.0,,6.0,9.0,,1.0,,,,,,,,,1.0,1.0,,,,1.0,4.0,2.0,3.0,13.0,8.0,3.0,5.0,10.0,,1.0,1.0,1.0,,,2.0,,,,,1.0
0.9396902692776498,77.0,25.0,10.0,8.0,1.0,3.0,10.0,1.0,2.0,1.0,6.0,,1.0,1.0,,,,1.0,,,,,1.0,1.0,,3.0,,,4.0,1.0,3.0,2.0,1.0,1.0,5.0,2.0,,1.0,1.0,1.0,4.0,,2.0,1.0,,1.0,,1.0
0.9406899397768813,77.0,25.0,10.0,5.0,1.0,3.0,10.0,2.0,2.0,1.0,6.0,,2.0,1.0,,,,,,,,,31.0,1.0,,3.0,,,4.0,1.0,3.0,2.0,1.0,1.0,5.0,2.0,,1.0,1.0,1.0,4.0,,2.0,1.0,,1.0,,1.0
0.9416896102761129,77.0,25.0,10.0,33.0,1.0,3.0,10.0,,2.0,1.0,6.0,,1.0,1.0,,,,,,,,,2.0,1.0,,,,,4.0,1.0,3.0,2.0,1.0,1.0,5.0,2.0,,1.0,1.0,1.0,4.0,,2.0,1.0,,1.0,,1.0
0.9426892807753444,78.0,6.0,1.0,9.0,1.0,1.0,11.0,10.0,4.0,,6.0,6.0,1.0,1.0,,,,,,,,,1.0,1.0,21.0,,,3.0,1.0,24.0,3.0,12.0,3.0,1.0,5.0,35.0,,5.0,1.0,1.0,4.0,,2.0,2.0,,1.0,,1.0
0.943688951274576,78.0,6.0,1.0,5.0,1.0,1.0,11.0,10.0,4.0,,6.0,6.0,1.0,1.0,,,,2.0,,,,,3.0,1.0,21.0,4.0,,3.0,1.0,24.0,3.0,12.0,3.0,1.0,5.0,35.0,,5.0,1.0,1.0,4.0,,2.0,2.0,,1.0,,1.0
0.9446886217738075,2.0,6.0,2.0,13.0,1.0,1.0,11.0,3.0,4.0,,6.0,6.0,,1.0,,,,2.0,,,,,5.0,1.0,21.0,1.0,,3.0,1.0,24.0,3.0,12.0,3.0,1.0,5.0,35.0,,5.0,1.0,1.0,4.0,,2.0,2.0,,1.0,,1.0
0.9456882922730391,12.0,6.0,2.0,10.0,1.0,1.0,11.0,4.0,4.0,,6.0,6.0,1.0,1.0,,,,5.0,,,,,2.0,1.0,,,,3.0,1.0,24.0,3.0,12.0,3.0,1.0,5.0,35.0,,5.0,1.0,1.0,4.0,,2.0,2.0,,1.0,,1.0
0.9476876332715022,35.0,2.0,2.0,2.0,2.0,25.0,7.0,1.0,2.0,,1.0,6.0,10.0,1.0,,,,25.0,,,,,1.0,1.0,11.0,2.0,,1.0,1.0,1.0,3.0,6.0,3.0,1.0,2.0,35.0,,5.0,1.0,1.0,4.0,,2.0,2.0,,2.0,,1.0
0.9486873037707337,32.0,2.0,2.0,2.0,2.0,25.0,7.0,1.0,2.0,2.0,1.0,6.0,10.0,1.0,,,,,1.0,,,,2.0,1.0,11.0,,,1.0,1.0,1.0,3.0,6.0,1.0,1.0,2.0,1.0,,5.0,1.0,1.0,4.0,,2.0,,,2.0,,1.0
0.9496869742699653,23.0,2.0,2.0,27.0,2.0,25.0,7.0,2.0,2.0,2.0,1.0,6.0,1.0,1.0,,,,,1.0,,,,2.0,1.0,,1.0,,1.0,1.0,1.0,3.0,6.0,1.0,1.0,2.0,1.0,,5.0,1.0,1.0,4.0,,2.0,,,2.0,,1.0
0.9506866447691967,9.0,1.0,2.0,10.0,1.0,2.0,2.0,2.0,13.0,2.0,3.0,6.0,,,,,,,1.0,,,,1.0,1.0,,1.0,,1.0,1.0,2.0,3.0,1.0,1.0,1.0,2.0,1.0,,5.0,1.0,10.0,4.0,,2.0,,,2.0,,1.0
0.9516863152684283,35.0,1.0,2.0,5.0,1.0,2.0,2.0,7.0,13.0,2.0,3.0,6.0,1.0,,,,,1.0,1.0,,,,1.0,1.0,,4.0,,1.0,1.0,2.0,3.0,1.0,1.0,1.0,2.0,1.0,,5.0,1.0,10.0,4.0,,2.0,,,2.0,,1.0
0.9526859857676598,30.0,1.0,2.0,2.0,1.0,2.0,2.0,,13.0,2.0,3.0,2.0,1.0,,,15.0,,,1.0,,,,1.0,1.0,,,,1.0,1.0,2.0,3.0,1.0,1.0,1.0,2.0,1.0,,5.0,,10.0,4.0,,2.0,,,2.0,,1.0
0.9536856562668914,9.0,1.0,2.0,1.0,1.0,2.0,2.0,,13.0,2.0,3.0,2.0,1.0,,,15.0,,1.0,1.0,,,,2.0,1.0,3.0,3.0,,1.0,1.0,2.0,3.0,1.0,1.0,1.0,2.0,1.0,,5.0,,10.0,4.0,,2.0,,,2.0,,1.0
0.9546853267661229,3.0,2.0,2.0,8.0,10.0,,1.0,2.0,1.0,3.0,2.0,2.0,1.0,,1.0,15.0,,1.0,1.0,,,,1.0,1.0,3.0,3.0,,,,3.0,3.0,1.0,,1.0,2.0,1.0,,5.0,,10.0,4.0,,2.0,,,2.0,,1.0
0.9556849972653545,28.0,2.0,2.0,1.0,10.0,,1.0,3.0,1.0,3.0,2.0,2.0,1.0,,1.0,15.0,,1.0,1.0,,,,5.0,1.0,3.0,10.0,,,,3.0,3.0,1.0,,1.0,2.0,1.0,,5.0,,10.0,4.0,,2.0,,,2.0,,1.0
0.956684667764586,,2.0,2.0,1.0,10.0,,1.0,2.0,1.0,3.0,2.0,2.0,1.0,,1.0,15.0,,1.0,1.0,,,,1.0,1.0,3.0,10.0,,,,3.0,3.0,1.0,,1.0,,1.0,,5.0,,10.0,4.0,,2.0,2.0,,2.0,,1.0
0.9576843382638176,11.0,2.0,2.0,1.0,10.0,,1.0,1.0,1.0,3.0,2.0,2.0,1.0,,1.0,15.0,,1.0,1.0,,,,1.0,1.0,,10.0,,,,3.0,3.0,1.0,,1.0,,1.0,,5.0,,10.0,4.0,,2.0,2.0,,2.0,,1.0
0.9586840087630492,3.0,6.0,4.0,7.0,1.0,1.0,6.0,1.0,6.0,,1.0,2.0,1.0,,1.0,15.0,,1.0,1.0,3.0,,,1.0,1.0,,2.0,,2.0,5.0,3.0,3.0,2.0,2.0,1.0,,1.0,,5.0,,10.0,4.0,,2.0,2.0,,2.0,,1.0
0.9596836792622807,925.0,6.0,4.0,25.0,1.0,1.0,6.0,19.0,6.0,,1.0,2.0,3.0,,1.0,15.0,,2.0,1.0,3.0,,,3.0,1.0,3.0,1.0,,2.0,5.0,3.0,3.0,2.0,2.0,1.0,,1.0,,5.0,,10.0,4.0,,2.0,2.0,,2.0,,1.0
0.9606833497615122,1.0,4.0,4.0,400.0,1.0,1.0,6.0,1.0,6.0,,1.0,2.0,12.0,,1.0,15.0,,2.0,1.0,3.0,,,1.0,1.0,3.0,1.0,,2.0,5.0,3.0,3.0,2.0,2.0,1.0,,1.0,,,,10.0,4.0,,2.0,2.0,,2.0,,
0.9616830202607437,5.0,1.0,1.0,4.0,1.0,1.0,6.0,1.0,6.0,,1.0,2.0,1.0,,1.0,15.0,,2.0,1.0,3.0,,,1.0,1.0,1.0,2.0,,2.0,5.0,3.0,3.0,2.0,2.0,1.0,,1.0,,,,10.0,4.0,,2.0,2.0,,2.0,,
0.9626826907599753,11.0,1.0,1.0,6.0,2.0,3.0,2.0,1.0,,,1.0,,1.0,,1.0,15.0,,2.0,3.0,,,,,1.0,1.0,3.0,,4.0,1.0,1.0,3.0,1.0,2.0,1.0,,1.0,,,,10.0,4.0,,2.0,2.0,,2.0,,
0.9636823612592068,31.0,4.0,1.0,4.0,2.0,3.0,2.0,11.0,,,1.0,,1.0,,1.0,15.0,,2.0,3.0,,,,5.0,1.0,2.0,3.0,,4.0,1.0,1.0,3.0,1.0,2.0,1.0,,1.0,,,,10.0,4.0,,2.0,2.0,,2.0,,
0.9646820317584384,1.0,1.0,2.0,3.0,2.0,3.0,2.0,,,4.0,2.0,,1.0,1.0,1.0,38.0,2.0,,3.0,,,,1.0,1.0,2.0,2.0,,4.0,1.0,1.0,3.0,1.0,1.0,1.0,2.0,5.0,,,,10.0,4.0,,2.0,2.0,,,,
0.9656817022576699,28.0,3.0,2.0,4.0,2.0,3.0,2.0,1.0,,4.0,2.0,,2.0,1.0,1.0,38.0,2.0,,3.0,,,,2.0,1.0,1.0,3.0,,4.0,1.0,1.0,3.0,1.0,1.0,1.0,2.0,5.0,,,,10.0,4.0,,2.0,2.0,,,,
0.9666813727569015,2.0,,2.0,6.0,2.0,,1.0,1.0,2.0,4.0,2.0,2.0,,1.0,1.0,38.0,2.0,,1.0,,,,1.0,1.0,1.0,3.0,,4.0,,2.0,3.0,2.0,1.0,1.0,2.0,5.0,,,,10.0,4.0,,2.0,2.0,,,,
0.967681043256133,248.0,2.0,2.0,2.0,2.0,,1.0,1.0,2.0,4.0,2.0,2.0,1.0,1.0,1.0,38.0,2.0,1.0,1.0,,,,3.0,1.0,1.0,3.0,,4.0,,2.0,3.0,2.0,1.0,1.0,2.0,5.0,,,,10.0,4.0,,2.0,2.0,,,,
0.9686807137553646,3.0,2.0,1.0,1.0,2.0,,1.0,1.0,2.0,4.0,2.0,2.0,1.0,1.0,1.0,38.0,2.0,1.0,1.0,,,,1.0,1.0,1.0,2.0,,4.0,,2.0,3.0,2.0,1.0,1.0,2.0,5.0,,,,10.0,1.0,,2.0,2.0,,,,
0.9696803842545961,20.0,2.0,1.0,103.0,2.0,,1.0,2.0,2.0,4.0,2.0,2.0,,1.0,1.0,38.0,2.0,4.0,1.0,,,,1.0,1.0,1.0,1.0,,4.0,,2.0,3.0,2.0,1.0,1.0,2.0,5.0,,,,10.0,1.0,,2.0,2.0,,,,
0.9700802524542887,4.0,2.0,1.0,103.0,7.0,5.0,1.0,2.0,1.0,1.0,2.0,1.0,,1.0,,38.0,2.0,4.0,,,,,1.0,1.0,1.0,1.0,,5.0,1.0,8.0,3.0,1.0,1.0,1.0,2.0,5.0,,,,1.0,1.0,,2.0,2.0,,,,
0.9706800547538276,3.0,1.0,35.0,2.0,7.0,5.0,1.0,1.0,1.0,1.0,2.0,1.0,2.0,1.0,,38.0,2.0,2.0,,,,,1.0,1.0,1.0,1.0,,5.0,1.0,8.0,3.0,1.0,1.0,1.0,2.0,5.0,,,,1.0,1.0,,2.0,2.0,,,,
0.9716797252530591,242.0,5.0,2.0,19.0,7.0,5.0,1.0,2.0,1.0,1.0,2.0,1.0,12.0,1.0,,38.0,2.0,1.0,,,,,4.0,1.0,1.0,1.0,1.0,5.0,1.0,8.0,3.0,1.0,1.0,1.0,2.0,5.0,,,,1.0,1.0,,2.0,2.0,,,,
0.9720795934527517,3.0,5.0,2.0,19.0,7.0,5.0,1.0,2.0,1.0,1.0,2.0,1.0,12.0,1.0,,21.0,1.0,1.0,,,,,4.0,1.0,1.0,1.0,1.0,5.0,1.0,8.0,3.0,1.0,1.0,3.0,,4.0,,,,1.0,1.0,,2.0,2.0,,,,
0.9726793957522907,14.0,1.0,2.0,1.0,7.0,5.0,1.0,1.0,1.0,1.0,2.0,1.0,12.0,1.0,,21.0,1.0,1.0,,,,,1.0,1.0,1.0,,1.0,5.0,1.0,8.0,3.0,1.0,1.0,3.0,,4.0,,,,1.0,1.0,,2.0,2.0,,,,
0.9736790662515222,31.0,3.0,1.0,1.0,7.0,5.0,1.0,1.0,1.0,1.0,2.0,1.0,1.0,1.0,,21.0,1.0,,,,,,2.0,1.0,,,1.0,5.0,1.0,8.0,3.0,1.0,1.0,3.0,,4.0,,,,1.0,1.0,,2.0,2.0,,,,
0.9746787367507538,7.0,1.0,1.0,1.0,1.0,4.0,1.0,2.0,1.0,2.0,1.0,3.0,1.0,1.0,,21.0,1.0,1.0,,,,,1.0,1.0,,1.0,1.0,1.0,1.0,1.0,3.0,3.0,1.0,3.0,,4.0,,,,1.0,1.0,,2.0,2.0,,,,
0.9756784072499853,84.0,4.0,2.0,28.0,1.0,4.0,1.0,4.0,1.0,2.0,1.0,3.0,2.0,1.0,,21.0,1.0,1.0,,,,,1.0,1.0,1.0,1.0,1.0,1.0,1.0,1.0,3.0,3.0,1.0,3.0,,4.0,,,,1.0,1.0,,2.0,2.0,,,,
0.9766780777492169,6.0,1.0,2.0,15.0,1.0,4.0,1.0,4.0,1.0,2.0,1.0,3.0,1.0,1.0,,21.0,1.0,1.0,,,,,4.0,1.0,1.0,,1.0,1.0,3.0,1.0,3.0,3.0,1.0,3.0,,4.0,,,,1.0,1.0,,2.0,2.0,,,,
0.9776777482484484,55.0,14.0,1.0,11.0,1.0,4.0,1.0,1.0,1.0,2.0,1.0,3.0,1.0,1.0,,21.0,1.0,1.0,,,,,6.0,1.0,1.0,,1.0,1.0,3.0,1.0,3.0,3.0,1.0,3.0,,4.0,,,,1.0,1.0,,2.0,2.0,,,,
0.97867741874768,8.0,3.0,1.0,2.0,4.0,1.0,3.0,4.0,2.0,,1.0,1.0,8.0,1.0,1.0,1.0,1.0,1.0,,,,,1.0,1.0,,1.0,,1.0,3.0,1.0,3.0,4.0,1.0,3.0,5.0,17.0,,,,1.0,1.0,,2.0,14.0,,1.0,,
0.9788773528475263,8.0,3.0,1.0,2.0,4.0,1.0,3.0,4.0,2.0,,1.0,1.0,8.0,1.0,1.0,1.0,1.0,1.0,,,,,1.0,1.0,,1.0,,1.0,3.0,1.0,3.0,4.0,1.0,3.0,5.0,17.0,,,,1.0,1.0,,2.0,14.0,,1.0,,
0.9796770892469115,256.0,9.0,20.0,17.0,4.0,1.0,3.0,6.0,2.0,,1.0,1.0,4.0,1.0,1.0,1.0,1.0,1.0,,,,,22.0,1.0,,4.0,,1.0,3.0,1.0,3.0,4.0,1.0,3.0,5.0,17.0,,,,1.0,1.0,,2.0,14.0,,1.0,,
0.9800769574466042,17.0,5.0,20.0,17.0,4.0,1.0,3.0,6.0,2.0,,1.0,1.0,4.0,1.0,1.0,1.0,1.0,1.0,,,,,22.0,1.0,,4.0,,1.0,3.0,1.0,3.0,4.0,,3.0,5.0,17.0,,,,1.0,1.0,,2.0,14.0,,1.0,,
0.9806767597461431,11.0,4.0,3.0,9.0,4.0,1.0,3.0,2.0,2.0,,1.0,1.0,1.0,1.0,1.0,1.0,1.0,,,,,,1.0,1.0,,1.0,,1.0,3.0,1.0,3.0,4.0,,3.0,5.0,17.0,,,,1.0,1.0,,2.0,14.0,,1.0,,
0.9808766938459894,18.0,1.0,3.0,9.0,4.0,1.0,3.0,2.0,2.0,,1.0,1.0,1.0,1.0,1.0,1.0,1.0,,,,,,1.0,1.0,,1.0,,1.0,3.0,1.0,3.0,4.0,,3.0,5.0,17.0,,,,1.0,1.0,,2.0,14.0,,1.0,,
0.9816764302453745,134.0,1.0,1.0,12.0,4.0,1.0,3.0,2.0,2.0,,1.0,1.0,1.0,1.0,1.0,1.0,1.0,,,,,,1.0,1.0,2.0,3.0,,1.0,3.0,1.0,3.0,4.0,,3.0,5.0,17.0,,,,1.0,1.0,,2.0,14.0,,1.0,,
0.9826761007446061,9.0,1.0,1.0,7.0,1.0,1.0,2.0,1.0,1.0,,,1.0,1.0,1.0,1.0,1.0,1.0,4.0,,,,,2.0,1.0,2.0,3.0,1.0,3.0,1.0,2.0,3.0,1.0,,2.0,,3.0,,,,1.0,1.0,,2.0,1.0,,1.0,,
0.9828760348444524,10.0,1.0,1.0,7.0,1.0,1.0,2.0,1.0,1.0,,,1.0,1.0,1.0,1.0,1.0,1.0,4.0,,,,,2.0,1.0,2.0,3.0,1.0,3.0,1.0,2.0,3.0,1.0,,2.0,,3.0,,,,1.0,1.0,,2.0,1.0,,1.0,,
0.983275903044145,16.0,2.0,1.0,3.0,1.0,1.0,2.0,1.0,1.0,,,1.0,6.0,1.0,1.0,1.0,1.0,1.0,,,,,117.0,1.0,2.0,3.0,1.0,3.0,1.0,2.0,3.0,1.0,,2.0,,3.0,,,,1.0,1.0,,2.0,1.0,,1.0,,
0.9836757712438376,97.0,6.0,5.0,3.0,1.0,1.0,2.0,1.0,1.0,,,1.0,6.0,1.0,1.0,1.0,1.0,1.0,,,,,117.0,1.0,2.0,3.0,1.0,3.0,1.0,2.0,3.0,1.0,,2.0,,3.0,,,,1.0,1.0,,2.0,1.0,,1.0,,
0.9844755076432229,8.0,6.0,5.0,1.0,1.0,1.0,2.0,1.0,1.0,,,2.0,,1.0,1.0,1.0,,1.0,,,,,2.0,1.0,2.0,1.0,1.0,3.0,1.0,2.0,3.0,1.0,,2.0,,3.0,,,,1.0,1.0,,2.0,1.0,,1.0,,
0.9846754417430692,8.0,6.0,1.0,1.0,1.0,1.0,2.0,1.0,1.0,,,2.0,,1.0,1.0,1.0,,1.0,,,,,2.0,1.0,2.0,1.0,1.0,3.0,1.0,2.0,3.0,1.0,,2.0,,3.0,,,,1.0,1.0,,2.0,1.0,,1.0,,
0.9848753758429155,3.0,1.0,1.0,1.0,1.0,1.0,2.0,1.0,1.0,,,2.0,,1.0,1.0,1.0,,1.0,,,,,2.0,1.0,2.0,1.0,1.0,3.0,1.0,2.0,3.0,1.0,,2.0,,3.0,,,,1.0,1.0,,2.0,1.0,,1.0,,
0.9856751122423008,147.0,5.0,3.0,7.0,1.0,1.0,2.0,1.0,1.0,,,2.0,2.0,1.0,1.0,1.0,,1.0,,,,,,1.0,,1.0,1.0,3.0,1.0,2.0,3.0,1.0,,2.0,,3.0,,,,1.0,1.0,,2.0,1.0,,1.0,,
0.9866747827415323,19.0,2.0,1.0,7.0,6.0,6.0,1.0,1.0,1.0,,,2.0,13.0,1.0,1.0,1.0,,4.0,,,,,1.0,1.0,,1.0,1.0,3.0,2.0,,3.0,1.0,,2.0,,3.0,,,,1.0,1.0,,2.0,1.0,,1.0,,
0.9868747168413786,7.0,1.0,1.0,7.0,6.0,6.0,1.0,1.0,1.0,,,2.0,13.0,1.0,1.0,1.0,,4.0,,,,,1.0,1.0,,1.0,1.0,3.0,2.0,,3.0,1.0,,2.0,,3.0,,,,1.0,1.0,,2.0,1.0,,1.0,,
0.9872745850410712,19.0,,1.0,25.0,6.0,6.0,1.0,4.0,1.0,,,2.0,3.0,1.0,1.0,1.0,,4.0,,,,,4.0,1.0,,1.0,1.0,3.0,2.0,,3.0,1.0,,2.0,,3.0,,,,1.0,1.0,,2.0,1.0,,1.0,,
0.9876744532407639,133.0,9.0,2.0,25.0,6.0,6.0,1.0,4.0,1.0,,,2.0,3.0,1.0,1.0,1.0,,4.0,,,,,4.0,1.0,,1.0,1.0,3.0,2.0,,3.0,1.0,,2.0,,3.0,,,,1.0,1.0,,2.0,1.0,,1.0,,
0.9880743214404565,7.0,9.0,2.0,25.0,6.0,6.0,1.0,4.0,1.0,1.0,,2.0,3.0,1.0,1.0,,,4.0,,,,,4.0,1.0,,1.0,1.0,3.0,2.0,,3.0,1.0,,1.0,1.0,6.0,,,,1.0,1.0,,2.0,6.0,,1.0,,
0.9884741896401491,12.0,5.0,1.0,1.0,6.0,6.0,1.0,2.0,1.0,1.0,,2.0,2.0,1.0,1.0,,,4.0,,,,,1.0,1.0,,1.0,1.0,3.0,2.0,,3.0,1.0,,1.0,1.0,6.0,,,,1.0,1.0,,2.0,6.0,,1.0,,
0.9886741237399954,12.0,5.0,1.0,1.0,6.0,6.0,1.0,2.0,1.0,1.0,,2.0,2.0,1.0,1.0,,,4.0,,,,,1.0,1.0,,1.0,1.0,3.0,2.0,,3.0,1.0,,1.0,1.0,6.0,,,,1.0,1.0,,2.0,6.0,,1.0,,
0.9888740578398417,9.0,5.0,1.0,1.0,6.0,6.0,1.0,2.0,1.0,1.0,,2.0,2.0,1.0,1.0,,,50.0,,,,,1.0,1.0,,1.0,1.0,3.0,2.0,,3.0,1.0,,1.0,1.0,6.0,,,,1.0,1.0,,2.0,6.0,,1.0,,
0.9892739260395343,38.0,2.0,1.0,37.0,6.0,6.0,1.0,4.0,1.0,1.0,,2.0,1.0,1.0,1.0,,,50.0,,,,,9.0,1.0,,6.0,1.0,3.0,2.0,,3.0,1.0,,1.0,1.0,6.0,,,,1.0,1.0,,2.0,6.0,,1.0,,
0.989673794239227,25.0,1.0,1.0,37.0,6.0,6.0,1.0,4.0,1.0,1.0,,2.0,1.0,1.0,1.0,,,50.0,,,,,9.0,1.0,,6.0,1.0,3.0,2.0,,3.0,1.0,,1.0,1.0,6.0,,,,1.0,1.0,,2.0,6.0,,1.0,,
0.9900736624389196,35.0,11.0,1.0,37.0,3.0,2.0,2.0,4.0,1.0,1.0,,,1.0,,1.0,,,50.0,,,,,9.0,1.0,,6.0,1.0,13.0,3.0,1.0,3.0,1.0,,1.0,1.0,6.0,,,,1.0,1.0,,2.0,6.0,,1.0,,
0.9904735306386122,12.0,3.0,1.0,3.0,3.0,2.0,2.0,12.0,1.0,1.0,,,1.0,,1.0,,,50.0,,,,,1.0,1.0,,1.0,1.0,13.0,3.0,1.0,3.0,1.0,,1.0,1.0,6.0,,,,1.0,1.0,,2.0,6.0,,1.0,,
0.9906734647384585,12.0,3.0,1.0,3.0,3.0,2.0,2.0,12.0,1.0,1.0,,,1.0,,1.0,,,50.0,,,,,1.0,1.0,,1.0,1.0,13.0,3.0,1.0,3.0,1.0,,1.0,1.0,6.0,,,,1.0,1.0,,2.0,6.0,,1.0,,
0.9908733988383048,6.0,3.0,1.0,3.0,3.0,2.0,2.0,12.0,1.0,1.0,,,3.0,,1.0,,,1.0,,,,,1.0,1.0,,1.0,1.0,13.0,3.0,1.0,3.0,1.0,,1.0,1.0,6.0,,,,1.0,1.0,,2.0,6.0,,1.0,,
0.9912732670379975,4.0,,1.0,9.0,3.0,2.0,2.0,12.0,1.0,1.0,,,3.0,,1.0,,,1.0,,,,,5.0,1.0,,7.0,1.0,13.0,3.0,1.0,3.0,1.0,,1.0,1.0,6.0,,,,1.0,1.0,,2.0,6.0,,1.0,,
0.99167313523769,66.0,4.0,4.0,9.0,3.0,2.0,2.0,12.0,1.0,1.0,,,3.0,,1.0,,,1.0,,,,,5.0,1.0,,7.0,1.0,13.0,3.0,1.0,3.0,1.0,,1.0,1.0,6.0,,,,1.0,1.0,,2.0,6.0,,1.0,,
0.9920730034373826,29.0,4.0,4.0,9.0,3.0,2.0,2.0,12.0,1.0,1.0,,,3.0,,1.0,,,1.0,,,,,5.0,1.0,,7.0,1.0,13.0,3.0,1.0,3.0,1.0,,1.0,1.0,6.0,,,,1.0,1.0,,2.0,6.0,,1.0,,
0.9924728716370752,19.0,,1.0,3.0,3.0,2.0,2.0,3.0,1.0,1.0,,,1.0,,1.0,,,1.0,,,,,1.0,1.0,,,1.0,13.0,3.0,1.0,3.0,1.0,,1.0,1.0,6.0,,,,1.0,1.0,,2.0,6.0,,1.0,,
0.9926728057369215,19.0,,1.0,3.0,3.0,2.0,2.0,3.0,1.0,1.0,,,1.0,,1.0,,,1.0,,,,,1.0,1.0,,,1.0,13.0,3.0,1.0,3.0,1.0,,1.0,1.0,6.0,,,,1.0,1.0,,2.0,6.0,,1.0,,
0.9928727398367678,20.0,1.0,61.0,3.0,3.0,2.0,2.0,3.0,1.0,1.0,,,1.0,,1.0,,,1.0,,,,,1.0,1.0,,,1.0,13.0,3.0,1.0,3.0,1.0,,1.0,1.0,6.0,,,,1.0,1.0,,2.0,6.0,,1.0,,
0.9932726080364604,25.0,,62.0,5.0,3.0,2.0,2.0,3.0,1.0,1.0,,,1.0,,1.0,,,4.0,,,,,2.0,1.0,,10.0,1.0,13.0,3.0,1.0,3.0,1.0,,1.0,1.0,6.0,,,,1.0,1.0,,2.0,6.0,,1.0,,
0.9936724762361531,33.0,1.0,1.0,5.0,3.0,2.0,2.0,3.0,1.0,1.0,,,1.0,,1.0,,,4.0,,,,,2.0,1.0,,10.0,1.0,13.0,3.0,1.0,3.0,1.0,,1.0,1.0,6.0,,,,1.0,1.0,,2.0,6.0,,1.0,,
0.9940723444358457,13.0,,1.0,5.0,1.0,1.0,2.0,3.0,1.0,3.0,,4.0,1.0,,1.0,,,4.0,,,,,2.0,1.0,,10.0,1.0,2.0,1.0,2.0,3.0,1.0,,1.0,1.0,6.0,,,,1.0,1.0,,2.0,6.0,,1.0,,
0.9944722126355383,10.0,4.0,1.0,31.0,1.0,1.0,2.0,1.0,1.0,3.0,,4.0,3.0,,1.0,,,4.0,,,,,1.0,1.0,,1.0,1.0,2.0,1.0,2.0,3.0,1.0,,1.0,1.0,6.0,,,,1.0,1.0,,2.0,6.0,,1.0,,
0.9946721467353846,10.0,4.0,1.0,31.0,1.0,1.0,2.0,1.0,1.0,3.0,,4.0,3.0,,1.0,,,4.0,,,,,1.0,1.0,,1.0,1.0,2.0,1.0,2.0,3.0,1.0,,1.0,1.0,6.0,,,,1.0,1.0,,2.0,6.0,,1.0,,
0.9948720808352309,4.0,4.0,1.0,31.0,1.0,1.0,2.0,1.0,1.0,3.0,,4.0,3.0,,1.0,,,1.0,,,,,1.0,1.0,,1.0,1.0,2.0,1.0,2.0,3.0,1.0,,1.0,1.0,6.0,,,,1.0,1.0,,2.0,6.0,,1.0,,
0.9952719490349236,8.0,1.0,1.0,2.0,1.0,1.0,2.0,6.0,1.0,3.0,,4.0,3.0,,1.0,,,1.0,,,,,1.0,1.0,,8.0,1.0,2.0,1.0,2.0,3.0,1.0,,1.0,1.0,6.0,,,,1.0,1.0,,2.0,6.0,,1.0,,
0.9956718172346162,58.0,20.0,1.0,2.0,1.0,1.0,2.0,6.0,1.0,3.0,,4.0,3.0,,1.0,,,1.0,,,,,1.0,1.0,,8.0,1.0,2.0,1.0,2.0,3.0,1.0,,1.0,1.0,6.0,,,,1.0,1.0,,2.0,6.0,,1.0,,
0.9960716854343088,18.0,20.0,4.0,2.0,1.0,1.0,2.0,6.0,1.0,3.0,,4.0,3.0,,,,,1.0,,,,,1.0,1.0,,8.0,1.0,2.0,1.0,2.0,3.0,1.0,6.0,1.0,1.0,10.0,,,,1.0,1.0,,,1.0,,1.0,,
0.9964715536340014,14.0,,4.0,1.0,1.0,1.0,2.0,1.0,1.0,3.0,,4.0,1.0,,,,,1.0,,,,,1.0,1.0,,,1.0,2.0,1.0,2.0,3.0,1.0,6.0,1.0,1.0,10.0,,,,1.0,1.0,,,1.0,,1.0,,
0.9966714877338477,14.0,,4.0,1.0,1.0,1.0,2.0,1.0,1.0,3.0,,4.0,1.0,,,,,1.0,,,,,1.0,1.0,,,1.0,2.0,1.0,2.0,3.0,1.0,6.0,1.0,1.0,10.0,,,,1.0,1.0,,,1.0,,1.0,,
0.996871421833694,18.0,2.0,4.0,1.0,1.0,1.0,2.0,1.0,1.0,3.0,,4.0,1.0,,,,,,,,,,1.0,1.0,,,1.0,2.0,1.0,2.0,3.0,1.0,6.0,1.0,1.0,10.0,,,,1.0,1.0,,,1.0,,1.0,,
0.9972712900333867,11.0,,4.0,12.0,1.0,1.0,2.0,1.0,1.0,3.0,,4.0,30.0,,,,,,,,,,4.0,1.0,,5.0,1.0,2.0,1.0,2.0,3.0,1.0,6.0,1.0,1.0,10.0,,,,1.0,1.0,,,1.0,,1.0,,
0.9976711582330793,30.0,5.0,2.0,12.0,1.0,1.0,2.0,1.0,1.0,3.0,,4.0,30.0,,,,,,,,,,4.0,1.0,,5.0,1.0,2.0,1.0,2.0,3.0,1.0,6.0,1.0,1.0,10.0,,,,1.0,1.0,,,1.0,,1.0,,
0.9980710264327719,15.0,7.0,2.0,12.0,4.0,4.0,2.0,1.0,1.0,2.0,,2.0,30.0,,,,,,,,,,4.0,1.0,,5.0,1.0,2.0,,10.0,3.0,70.0,6.0,1.0,1.0,10.0,,,,1.0,1.0,,,1.0,,1.0,,
0.9984708946324645,23.0,3.0,1.0,1.0,4.0,4.0,2.0,,1.0,2.0,,2.0,2.0,,,,,,,,,,1.0,1.0,2.0,5.0,1.0,2.0,,10.0,3.0,70.0,6.0,1.0,1.0,10.0,,,,1.0,1.0,,,1.0,,1.0,,
0.9986708287323108,23.0,3.0,1.0,1.0,4.0,4.0,2.0,,1.0,2.0,,2.0,2.0,,,,,,,,,,1.0,1.0,2.0,5.0,1.0,2.0,,10.0,3.0,70.0,6.0,1.0,1.0,10.0,,,,1.0,1.0,,,1.0,,1.0,,
0.9988707628321571,37.0,3.0,1.0,1.0,4.0,4.0,2.0,,1.0,2.0,,2.0,2.0,,,,,,,,,,1.0,1.0,2.0,10.0,1.0,2.0,,10.0,3.0,70.0,6.0,1.0,1.0,10.0,,,,1.0,1.0,,,1.0,,1.0,,
0.9992706310318498,37.0,19.0,5.0,5.0,4.0,4.0,2.0,9.0,1.0,2.0,,2.0,1.0,,,,,2.0,,,,,53.0,1.0,1.0,10.0,1.0,2.0,,10.0,3.0,70.0,6.0,1.0,1.0,10.0,,,,1.0,1.0,,,1.0,,1.0,,
0.9996704992315424,267.0,26.0,7.0,5.0,4.0,4.0,2.0,9.0,1.0,2.0,,2.0,1.0,,,,,2.0,,,,,53.0,1.0,1.0,10.0,1.0,2.0,,10.0,3.0,70.0,6.0,1.0,1.0,10.0,,,,1.0,1.0,,,1.0,,1.0,,
1.000070367431235,22.0,2.0,11.0,57.0,6.0,8.0,1.0,2.0,5.0,6.0,,1.0,1.0,1.0,,,1.0,20.0,1.0,,,,34.0,1.0,1.0,2.0,1.0,2.0,2.0,2.0,,116.0,1.0,1.0,1.0,10.0,,2.0,2.0,8.0,1.0,,1.0,2.0,1.0,1.0,,11.0
1.0004702356309276,29.0,,11.0,2.0,6.0,8.0,1.0,2.0,5.0,6.0,,1.0,1.0,1.0,,,1.0,1.0,1.0,,,,6.0,1.0,1.0,1.0,1.0,2.0,2.0,2.0,,116.0,1.0,1.0,1.0,10.0,,2.0,2.0,8.0,1.0,,1.0,2.0,1.0,1.0,,11.0
1.0006701697307738,29.0,,11.0,2.0,6.0,8.0,1.0,2.0,5.0,6.0,,1.0,1.0,1.0,,,1.0,1.0,1.0,,,,6.0,1.0,1.0,1.0,1.0,2.0,2.0,2.0,,116.0,1.0,1.0,1.0,10.0,,2.0,2.0,8.0,1.0,,1.0,2.0,1.0,1.0,,11.0
1.0008701038306203,6.0,,1.0,2.0,6.0,8.0,1.0,1.0,5.0,6.0,,1.0,4.0,1.0,,,1.0,1.0,1.0,,,,6.0,1.0,1.0,1.0,1.0,2.0,2.0,2.0,,116.0,1.0,1.0,1.0,10.0,,2.0,2.0,8.0,1.0,,1.0,2.0,1.0,1.0,,11.0
1.0012699720303129,39.0,,1.0,5.0,6.0,8.0,1.0,1.0,5.0,6.0,,1.0,4.0,1.0,,,1.0,1.0,1.0,,,,3.0,1.0,1.0,1.0,1.0,2.0,2.0,2.0,,116.0,1.0,1.0,1.0,10.0,,2.0,2.0,8.0,1.0,,1.0,2.0,1.0,1.0,,11.0
1.0016698402300055,48.0,1.0,1.0,5.0,6.0,8.0,1.0,1.0,5.0,6.0,,1.0,4.0,1.0,,,1.0,1.0,1.0,,,,3.0,1.0,1.0,1.0,1.0,2.0,2.0,2.0,,116.0,1.0,1.0,1.0,10.0,,2.0,2.0,8.0,1.0,,1.0,2.0,1.0,1.0,,11.0
1.0020697084296981,16.0,1.0,2.0,5.0,1.0,1.0,1.0,1.0,3.0,6.0,1.0,1.0,4.0,1.0,,,,,1.0,,2.0,,3.0,1.0,1.0,1.0,1.0,1.0,1.0,2.0,,2.0,,1.0,1.0,10.0,,2.0,2.0,8.0,1.0,,1.0,2.0,1.0,1.0,,11.0
1.0024695766293907,7.0,1.0,2.0,14.0,1.0,1.0,1.0,1.0,3.0,6.0,1.0,1.0,4.0,1.0,,,,,1.0,,2.0,,2.0,1.0,1.0,1.0,1.0,1.0,1.0,2.0,,2.0,,1.0,1.0,10.0,,2.0,2.0,8.0,1.0,,1.0,2.0,1.0,1.0,,11.0
1.002669510729237,7.0,1.0,2.0,14.0,1.0,1.0,1.0,1.0,3.0,6.0,1.0,1.0,4.0,1.0,,,,,1.0,,2.0,,2.0,1.0,1.0,1.0,1.0,1.0,1.0,2.0,,2.0,,1.0,1.0,10.0,,2.0,2.0,8.0,1.0,,1.0,2.0,1.0,1.0,,11.0
1.0028694448290834,18.0,1.0,2.0,14.0,1.0,1.0,1.0,1.0,3.0,6.0,1.0,1.0,3.0,1.0,,,,,1.0,,2.0,,2.0,1.0,1.0,1.0,1.0,1.0,1.0,2.0,,2.0,,1.0,1.0,10.0,,2.0,2.0,8.0,1.0,,1.0,2.0,1.0,1.0,,11.0
1.003269313028776,26.0,2.0,3.0,13.0,1.0,1.0,1.0,2.0,3.0,6.0,1.0,1.0,3.0,1.0,,,,1.0,1.0,,2.0,,1.0,1.0,1.0,3.0,1.0,1.0,1.0,2.0,,2.0,,1.0,1.0,10.0,,2.0,2.0,8.0,1.0,,1.0,2.0,1.0,1.0,,11.0
1.0036691812284686,82.0,1.0,3.0,13.0,1.0,1.0,1.0,2.0,3.0,6.0,1.0,1.0,3.0,1.0,,,,1.0,1.0,,2.0,,1.0,1.0,1.0,3.0,1.0,1.0,1.0,2.0,,2.0,,1.0,1.0,10.0,,2.0,2.0,8.0,1.0,,1.0,2.0,1.0,1.0,,11.0
1.0040690494281612,22.0,,1.0,13.0,1.0,1.0,1.0,2.0,3.0,6.0,1.0,1.0,3.0,1.0,,,,1.0,1.0,1.0,2.0,,1.0,1.0,1.0,3.0,1.0,1.0,1.0,2.0,,2.0,,,,5.0,,2.0,2.0,8.0,1.0,,1.0,2.0,1.0,1.0,,11.0
1.0044689176278538,17.0,1.0,1.0,17.0,1.0,1.0,1.0,2.0,3.0,6.0,1.0,1.0,,1.0,,,,1.0,1.0,1.0,2.0,,1.0,1.0,,6.0,1.0,1.0,1.0,2.0,,2.0,,,,5.0,,2.0,2.0,8.0,1.0,,1.0,2.0,1.0,1.0,,11.0
1.0046688517277,17.0,1.0,1.0,17.0,1.0,1.0,1.0,2.0,3.0,6.0,1.0,1.0,,1.0,,,,1.0,1.0,1.0,2.0,,1.0,1.0,,6.0,1.0,1.0,1.0,2.0,,2.0,,,,5.0,,2.0,2.0,8.0,1.0,,1.0,2.0,1.0,1.0,,11.0
1.0048687858275465,15.0,,1.0,17.0,1.0,1.0,1.0,2.0,3.0,6.0,1.0,1.0,,1.0,,,,1.0,1.0,1.0,2.0,,1.0,1.0,,6.0,1.0,1.0,1.0,2.0,,2.0,,,,5.0,,2.0,2.0,8.0,1.0,,1.0,2.0,1.0,1.0,,11.0
1.005268654027239,45.0,6.0,1.0,4.0,1.0,1.0,1.0,,3.0,6.0,1.0,1.0,1.0,1.0,,,,,1.0,1.0,2.0,,2.0,1.0,,2.0,1.0,1.0,1.0,2.0,,2.0,,,,5.0,,2.0,2.0,8.0,1.0,,1.0,2.0,1.0,1.0,,11.0
1.0056685222269317,23.0,4.0,1.0,4.0,1.0,1.0,1.0,,3.0,6.0,1.0,1.0,1.0,1.0,,,,,1.0,1.0,2.0,,2.0,1.0,,2.0,1.0,1.0,1.0,2.0,,2.0,,,,5.0,,2.0,2.0,8.0,1.0,,1.0,2.0,1.0,1.0,,11.0
1.0060683904266243,49.0,2.0,1.0,4.0,2.0,2.0,1.0,,3.0,6.0,2.0,1.0,1.0,3.0,,,,,1.0,1.0,,,2.0,1.0,,2.0,1.0,13.0,1.0,1.0,3.0,4.0,2.0,,,5.0,,2.0,2.0,8.0,1.0,,1.0,2.0,1.0,1.0,,11.0
1.006468258626317,44.0,3.0,2.0,15.0,2.0,2.0,1.0,10.0,3.0,6.0,2.0,1.0,3.0,3.0,,,,2.0,1.0,1.0,,,2.0,1.0,,2.0,1.0,13.0,1.0,1.0,3.0,4.0,2.0,,,5.0,,2.0,2.0,8.0,1.0,,1.0,2.0,1.0,1.0,,11.0
1.0066681927261631,44.0,3.0,2.0,15.0,2.0,2.0,1.0,10.0,3.0,6.0,2.0,1.0,3.0,3.0,,,,2.0,1.0,1.0,,,2.0,1.0,,2.0,1.0,13.0,1.0,1.0,3.0,4.0,2.0,,,5.0,,2.0,2.0,8.0,1.0,,1.0,2.0,1.0,1.0,,11.0
1.0068681268260096,21.0,2.0,2.0,15.0,2.0,2.0,1.0,10.0,3.0,6.0,2.0,1.0,3.0,3.0,,,,2.0,1.0,1.0,,,2.0,1.0,,2.0,1.0,13.0,1.0,1.0,3.0,4.0,2.0,,,5.0,,2.0,2.0,8.0,1.0,,1.0,2.0,1.0,1.0,,11.0
1.007267995025702,19.0,,2.0,5.0,2.0,2.0,1.0,13.0,3.0,6.0,2.0,1.0,2.0,3.0,,,,1.0,1.0,1.0,,,2.0,1.0,,1.0,1.0,13.0,1.0,1.0,3.0,4.0,2.0,,,5.0,,2.0,2.0,8.0,1.0,,1.0,2.0,1.0,1.0,,11.0
1.0076678632253946,123.0,4.0,2.0,5.0,2.0,2.0,1.0,13.0,3.0,6.0,2.0,1.0,2.0,3.0,,,,1.0,1.0,1.0,,,2.0,1.0,,1.0,1.0,13.0,1.0,1.0,3.0,4.0,2.0,,,5.0,,2.0,2.0,8.0,1.0,,1.0,2.0,1.0,1.0,,11.0
1.0080677314250872,21.0,1.0,1.0,5.0,2.0,2.0,1.0,13.0,3.0,6.0,2.0,1.0,2.0,3.0,,,,1.0,1.0,1.0,,,2.0,1.0,,1.0,1.0,13.0,1.0,1.0,3.0,4.0,2.0,,,5.0,,2.0,2.0,8.0,1.0,,1.0,2.0,1.0,1.0,,11.0
1.0084675996247798,23.0,1.0,2.0,10.0,2.0,2.0,1.0,1.0,3.0,6.0,2.0,1.0,,3.0,,,,1.0,1.0,1.0,,,,1.0,,1.0,1.0,13.0,1.0,1.0,3.0,4.0,2.0,,,5.0,,2.0,2.0,8.0,1.0,,1.0,2.0,1.0,1.0,,11.0
1.0086675337246263,23.0,1.0,2.0,10.0,2.0,2.0,1.0,1.0,3.0,6.0,2.0,1.0,,3.0,,,,1.0,1.0,1.0,,,,1.0,,1.0,1.0,13.0,1.0,1.0,3.0,4.0,2.0,,,5.0,,2.0,2.0,8.0,1.0,,1.0,2.0,1.0,1.0,,11.0
1.0088674678244725,68.0,1.0,2.0,10.0,2.0,2.0,1.0,1.0,3.0,6.0,2.0,1.0,,3.0,,,,1.0,1.0,1.0,,,,1.0,,1.0,1.0,13.0,1.0,1.0,3.0,4.0,2.0,,,5.0,,2.0,2.0,8.0,1.0,,1.0,2.0,1.0,1.0,,11.0
1.009267336024165,40.0,1.0,2.0,2.0,2.0,2.0,1.0,1.0,3.0,6.0,2.0,1.0,1.0,3.0,,,,2.0,1.0,1.0,,,3.0,1.0,,1.0,1.0,13.0,1.0,1.0,3.0,4.0,2.0,,,5.0,,2.0,2.0,8.0,1.0,,1.0,2.0,1.0,1.0,,11.0
1.0096672042238577,52.0,3.0,2.0,2.0,2.0,2.0,1.0,1.0,3.0,6.0,2.0,1.0,1.0,3.0,,,,2.0,1.0,1.0,,,3.0,1.0,,1.0,1.0,13.0,1.0,1.0,3.0,4.0,2.0,,,5.0,,2.0,2.0,8.0,1.0,,1.0,2.0,1.0,1.0,,11.0
1.0100670724235503,54.0,9.0,2.0,2.0,1.0,,1.0,1.0,1.0,6.0,,1.0,1.0,3.0,,,,2.0,1.0,1.0,1.0,,3.0,1.0,,1.0,1.0,,,4.0,3.0,1.0,2.0,,,5.0,,1.0,2.0,4.0,1.0,,1.0,1.0,1.0,1.0,,1.0
1.010466940623243,40.0,4.0,2.0,2.0,1.0,,1.0,2.0,1.0,6.0,,1.0,,3.0,,,,,1.0,1.0,1.0,,4.0,1.0,,2.0,1.0,,,4.0,3.0,1.0,2.0,,,5.0,,1.0,2.0,4.0,1.0,,1.0,1.0,1.0,1.0,,1.0
1.0106668747230894,40.0,4.0,2.0,2.0,1.0,,1.0,2.0,1.0,6.0,,1.0,,3.0,,,,,1.0,1.0,1.0,,4.0,1.0,,2.0,1.0,,,4.0,3.0,1.0,2.0,,,5.0,,1.0,2.0,4.0,1.0,,1.0,1.0,1.0,1.0,,1.0
1.0108668088229356,56.0,5.0,2.0,2.0,1.0,,1.0,2.0,1.0,6.0,,1.0,,3.0,,,,,1.0,1.0,1.0,,4.0,1.0,,2.0,1.0,,,4.0,3.0,1.0,2.0,,,5.0,,1.0,2.0,4.0,1.0,,1.0,1.0,1.0,1.0,,1.0
1.0112666770226282,19.0,6.0,2.0,2.0,1.0,,1.0,1.0,1.0,6.0,,1.0,,3.0,,,,11.0,1.0,1.0,1.0,,5.0,1.0,,2.0,1.0,,,4.0,3.0,1.0,2.0,,,5.0,,1.0,2.0,4.0,1.0,,1.0,1.0,1.0,1.0,,1.0
1.0116665452223208,73.0,2.0,3.0,2.0,1.0,,1.0,1.0,1.0,6.0,,1.0,,3.0,,,,11.0,1.0,1.0,1.0,,5.0,1.0,,2.0,1.0,,,4.0,3.0,1.0,2.0,,,5.0,,1.0,2.0,4.0,1.0,,1.0,1.0,1.0,1.0,,1.0
1.0120664134220134,8.0,2.0,3.0,2.0,1.0,,1.0,1.0,1.0,,,1.0,,10.0,,,1.0,11.0,1.0,1.0,1.0,,5.0,1.0,,2.0,1.0,,,4.0,3.0,1.0,2.0,,32.0,10.0,,1.0,2.0,4.0,1.0,,1.0,1.0,1.0,1.0,,1.0
1.012466281621706,178.0,1.0,2.0,,1.0,,1.0,2.0,1.0,,,1.0,,10.0,,,1.0,11.0,1.0,1.0,1.0,,2.0,1.0,,1.0,1.0,,,4.0,3.0,1.0,2.0,,32.0,10.0,,1.0,2.0,4.0,1.0,,1.0,1.0,1.0,1.0,,1.0
1.0126662157215525,178.0,1.0,2.0,,1.0,,1.0,2.0,1.0,,,1.0,,10.0,,,1.0,11.0,1.0,1.0,1.0,,2.0,1.0,,1.0,1.0,,,4.0,3.0,1.0,2.0,,32.0,10.0,,1.0,2.0,4.0,1.0,,1.0,1.0,1.0,1.0,,1.0
1.0128661498213987,9.0,1.0,2.0,,1.0,,1.0,2.0,1.0,,,1.0,,10.0,,,1.0,,1.0,1.0,1.0,,2.0,1.0,,1.0,1.0,,,4.0,3.0,1.0,2.0,,32.0,10.0,,1.0,2.0,4.0,1.0,,1.0,1.0,1.0,1.0,,1.0
1.0132660180210913,6.0,5.0,2.0,,1.0,,1.0,2.0,1.0,,,1.0,1.0,10.0,,,1.0,,1.0,1.0,1.0,,20.0,1.0,,1.0,1.0,,,4.0,3.0,1.0,2.0,,32.0,10.0,,1.0,2.0,4.0,1.0,,1.0,1.0,1.0,1.0,,1.0
1.013665886220784,61.0,6.0,1.0,,1.0,,1.0,2.0,1.0,,,1.0,1.0,10.0,,,1.0,,1.0,1.0,1.0,,20.0,1.0,,1.0,1.0,,,4.0,3.0,1.0,2.0,,32.0,10.0,,1.0,2.0,4.0,1.0,,1.0,1.0,1.0,1.0,,1.0
1.0140657544204765,10.0,6.0,1.0,,2.0,2.0,1.0,1.0,3.0,,,1.0,1.0,10.0,1.0,,1.0,,1.0,1.0,,,20.0,1.0,,1.0,1.0,2.0,2.0,1.0,3.0,1.0,2.0,,32.0,10.0,,1.0,2.0,4.0,1.0,,1.0,1.0,1.0,1.0,,1.0
1.0144656226201691,67.0,1.0,2.0,1.0,2.0,2.0,1.0,1.0,3.0,,,1.0,1.0,10.0,1.0,,1.0,,1.0,1.0,,,,1.0,,1.0,1.0,2.0,2.0,1.0,3.0,1.0,2.0,,32.0,10.0,,1.0,2.0,4.0,1.0,,1.0,1.0,1.0,1.0,,1.0
1.0146655567200156,67.0,1.0,2.0,1.0,2.0,2.0,1.0,1.0,3.0,,,1.0,1.0,10.0,1.0,,1.0,,1.0,1.0,,,,1.0,,1.0,1.0,2.0,2.0,1.0,3.0,1.0,2.0,,32.0,10.0,,1.0,2.0,4.0,1.0,,1.0,1.0,1.0,1.0,,1.0
1.0148654908198618,30.0,1.0,2.0,1.0,2.0,2.0,1.0,1.0,3.0,,,1.0,1.0,10.0,1.0,,1.0,33.0,1.0,1.0,,,,1.0,,1.0,1.0,2.0,2.0,1.0,3.0,1.0,2.0,,32.0,10.0,,1.0,2.0,4.0,1.0,,1.0,1.0,1.0,1.0,,1.0
1.0152653590195544,12.0,3.0,2.0,17.0,2.0,2.0,1.0,3.0,3.0,,,1.0,1.0,10.0,1.0,,1.0,33.0,1.0,1.0,,,43.0,1.0,,,1.0,2.0,2.0,1.0,3.0,1.0,2.0,,32.0,10.0,,1.0,2.0,4.0,1.0,,1.0,1.0,1.0,1.0,,1.0
1.015665227219247,67.0,8.0,1.0,17.0,2.0,2.0,1.0,3.0,3.0,,,1.0,1.0,10.0,1.0,,1.0,33.0,1.0,1.0,,,43.0,1.0,,,1.0,2.0,2.0,1.0,3.0,1.0,2.0,,32.0,10.0,,1.0,2.0,4.0,1.0,,1.0,1.0,1.0,1.0,,1.0
1.0160650954189396,4.0,2.0,1.0,17.0,2.0,2.0,1.0,3.0,3.0,,,1.0,1.0,10.0,1.0,1.0,1.0,33.0,1.0,1.0,,,43.0,1.0,,,1.0,2.0,2.0,1.0,3.0,1.0,2.0,,32.0,10.0,,1.0,2.0,4.0,1.0,,1.0,1.0,1.0,1.0,,1.0
1.0164649636186323,14.0,2.0,1.0,6.0,2.0,2.0,1.0,2.0,3.0,,,1.0,1.0,10.0,1.0,1.0,1.0,4.0,1.0,1.0,,,1.0,1.0,,1.0,1.0,2.0,2.0,1.0,3.0,1.0,2.0,,32.0,10.0,,1.0,2.0,4.0,1.0,,1.0,1.0,1.0,1.0,,1.0
1.0166648977184787,14.0,2.0,1.0,6.0,2.0,2.0,1.0,2.0,3.0,,,1.0,1.0,10.0,1.0,1.0,1.0,4.0,1.0,1.0,,,1.0,1.0,,1.0,1.0,2.0,2.0,1.0,3.0,1.0,2.0,,32.0,10.0,,1.0,2.0,4.0,1.0,,1.0,1.0,1.0,1.0,,1.0
1.0168648318183249,8.0,1.0,1.0,6.0,2.0,2.0,1.0,2.0,3.0,,,1.0,1.0,10.0,1.0,1.0,1.0,4.0,1.0,1.0,,,1.0,1.0,,1.0,1.0,2.0,2.0,1.0,3.0,1.0,2.0,,32.0,10.0,,1.0,2.0,4.0,1.0,,1.0,1.0,1.0,1.0,,1.0
1.0172647000180175,8.0,1.0,1.0,2.0,2.0,2.0,1.0,6.0,3.0,,,1.0,4.0,10.0,1.0,1.0,1.0,2.0,1.0,1.0,,,1.0,1.0,,4.0,1.0,2.0,2.0,1.0,3.0,1.0,2.0,,32.0,10.0,,1.0,2.0,4.0,1.0,,1.0,1.0,1.0,1.0,,1.0
1.0176645682177101,23.0,8.0,5.0,2.0,2.0,2.0,1.0,6.0,3.0,,,1.0,4.0,10.0,1.0,1.0,1.0,2.0,1.0,1.0,,,1.0,1.0,,4.0,1.0,2.0,2.0,1.0,3.0,1.0,2.0,,32.0,10.0,,1.0,2.0,4.0,1.0,,1.0,1.0,1.0,1.0,,1.0
1.0180644364174027,28.0,11.0,5.0,2.0,2.0,2.0,1.0,6.0,1.0,1.0,2.0,1.0,4.0,10.0,1.0,1.0,3.0,2.0,1.0,1.0,2.0,,1.0,1.0,,4.0,1.0,31.0,1.0,1.0,3.0,420.0,1.0,,,5.0,,1.0,2.0,4.0,1.0,,1.0,1.0,1.0,1.0,,1.0
1.0184643046170954,8.0,11.0,1.0,5.0,2.0,2.0,1.0,,1.0,1.0,2.0,1.0,1.0,10.0,1.0,1.0,3.0,2.0,1.0,1.0,2.0,,1.0,1.0,1.0,,1.0,31.0,1.0,1.0,3.0,420.0,1.0,,,5.0,,1.0,2.0,4.0,1.0,,1.0,1.0,1.0,1.0,,1.0
1.0186642387169416,8.0,11.0,1.0,5.0,2.0,2.0,1.0,,1.0,1.0,2.0,1.0,1.0,10.0,1.0,1.0,3.0,2.0,1.0,1.0,2.0,,1.0,1.0,1.0,,1.0,31.0,1.0,1.0,3.0,420.0,1.0,,,5.0,,1.0,2.0,4.0,1.0,,1.0,1.0,1.0,1.0,,1.0
1.018864172816788,15.0,1.0,1.0,5.0,2.0,2.0,1.0,,1.0,1.0,2.0,1.0,1.0,10.0,1.0,1.0,3.0,,1.0,1.0,2.0,,1.0,1.0,1.0,,1.0,31.0,1.0,1.0,3.0,420.0,1.0,,,5.0,,1.0,2.0,4.0,1.0,,1.0,1.0,1.0,1.0,,1.0
1.0192640410164806,4.0,1.0,1.0,13.0,2.0,2.0,1.0,4.0,1.0,1.0,2.0,1.0,14.0,10.0,1.0,1.0,3.0,,1.0,1.0,2.0,,132.0,1.0,1.0,2.0,1.0,31.0,1.0,1.0,3.0,420.0,1.0,,,5.0,,1.0,2.0,4.0,1.0,,1.0,1.0,1.0,1.0,,1.0
1.0196639092161732,237.0,12.0,17.0,13.0,2.0,2.0,1.0,4.0,1.0,1.0,2.0,1.0,14.0,10.0,1.0,1.0,3.0,,1.0,1.0,2.0,,132.0,1.0,1.0,2.0,1.0,31.0,1.0,1.0,3.0,420.0,1.0,,,5.0,,1.0,2.0,4.0,1.0,,1.0,1.0,1.0,1.0,,1.0
1.0200637774158658,33.0,2.0,17.0,13.0,2.0,2.0,1.0,4.0,1.0,1.0,2.0,1.0,14.0,2.0,1.0,1.0,3.0,,1.0,1.0,2.0,,132.0,1.0,1.0,2.0,1.0,31.0,1.0,1.0,3.0,420.0,1.0,,,5.0,,1.0,2.0,4.0,1.0,1.0,1.0,1.0,1.0,1.0,,1.0
1.0204636456155585,1.0,2.0,1.0,7.0,2.0,2.0,1.0,1.0,1.0,1.0,2.0,1.0,10.0,2.0,1.0,1.0,3.0,,1.0,1.0,2.0,,2.0,1.0,1.0,2.0,1.0,31.0,1.0,1.0,3.0,420.0,1.0,,,5.0,,1.0,2.0,4.0,1.0,1.0,1.0,1.0,1.0,1.0,,1.0
1.0206635797154047,1.0,2.0,1.0,7.0,2.0,2.0,1.0,1.0,1.0,1.0,2.0,1.0,10.0,2.0,1.0,1.0,3.0,,1.0,1.0,2.0,,2.0,1.0,1.0,2.0,1.0,31.0,1.0,1.0,3.0,420.0,1.0,,,5.0,,1.0,2.0,4.0,1.0,1.0,1.0,1.0,1.0,1.0,,1.0
1.020863513815251,4.0,6.0,1.0,7.0,2.0,2.0,1.0,1.0,1.0,1.0,2.0,1.0,10.0,2.0,1.0,1.0,3.0,,1.0,1.0,2.0,,2.0,1.0,1.0,,1.0,31.0,1.0,1.0,3.0,420.0,1.0,,,5.0,,1.0,2.0,4.0,1.0,1.0,1.0,1.0,1.0,1.0,,1.0
1.0212633820149437,17.0,12.0,1.0,13.0,2.0,2.0,1.0,,1.0,1.0,2.0,1.0,,2.0,1.0,1.0,3.0,,1.0,1.0,2.0,,1.0,1.0,1.0,,64.0,31.0,1.0,1.0,3.0,420.0,1.0,,,5.0,,1.0,2.0,4.0,1.0,1.0,1.0,1.0,1.0,1.0,,1.0
1.0216632502146363,151.0,4.0,1.0,13.0,2.0,2.0,1.0,,1.0,1.0,2.0,1.0,,2.0,1.0,1.0,3.0,,1.0,1.0,2.0,,1.0,1.0,1.0,,64.0,31.0,1.0,1.0,3.0,420.0,1.0,,,5.0,,1.0,2.0,4.0,1.0,1.0,1.0,1.0,1.0,1.0,,1.0
1.022063118414329,9.0,1.0,1.0,13.0,4.0,3.0,1.0,,6.0,2.0,2.0,1.0,,2.0,1.0,1.0,1.0,,,1.0,2.0,,1.0,1.0,1.0,,64.0,2.0,4.0,1.0,3.0,2.0,,,,5.0,,1.0,2.0,4.0,1.0,1.0,1.0,1.0,1.0,1.0,,1.0
1.0224629866140216,14.0,,2.0,,4.0,3.0,1.0,1.0,6.0,2.0,2.0,1.0,,2.0,1.0,1.0,1.0,,,1.0,2.0,,1.0,1.0,1.0,1.0,64.0,2.0,4.0,1.0,3.0,2.0,,,,5.0,,1.0,2.0,4.0,1.0,1.0,1.0,1.0,1.0,1.0,,1.0
1.0226629207138678,14.0,,2.0,,4.0,3.0,1.0,1.0,6.0,2.0,2.0,1.0,,2.0,1.0,1.0,1.0,,,1.0,2.0,,1.0,1.0,1.0,1.0,64.0,2.0,4.0,1.0,3.0,2.0,,,,5.0,,1.0,2.0,4.0,1.0,1.0,1.0,1.0,1.0,1.0,,1.0
1.0228628548137142,36.0,2.0,2.0,,4.0,3.0,1.0,1.0,6.0,2.0,2.0,1.0,,2.0,1.0,1.0,1.0,50.0,,1.0,2.0,,1.0,1.0,1.0,1.0,64.0,2.0,4.0,1.0,3.0,2.0,,,,5.0,,1.0,2.0,4.0,1.0,1.0,1.0,1.0,1.0,1.0,,1.0
1.0232627230134068,,2.0,2.0,30.0,4.0,3.0,1.0,7.0,6.0,2.0,2.0,1.0,1.0,2.0,1.0,1.0,1.0,50.0,,1.0,2.0,,1.0,1.0,1.0,1.0,1.0,2.0,4.0,1.0,3.0,2.0,,,,5.0,,1.0,2.0,4.0,1.0,1.0,1.0,1.0,1.0,1.0,,1.0
1.0236625912130994,257.0,3.0,2.0,30.0,4.0,3.0,1.0,7.0,6.0,2.0,2.0,1.0,1.0,2.0,1.0,1.0,1.0,50.0,,1.0,2.0,,1.0,1.0,1.0,1.0,1.0,2.0,4.0,1.0,3.0,2.0,,,,5.0,,1.0,2.0,4.0,1.0,1.0,1.0,1.0,1.0,1.0,,1.0
1.024062459412792,16.0,,2.0,30.0,4.0,3.0,8.0,7.0,6.0,2.0,2.0,,1.0,2.0,,1.0,1.0,50.0,,1.0,,5.0,1.0,1.0,1.0,1.0,1.0,2.0,4.0,1.0,3.0,2.0,,,,5.0,,1.0,2.0,4.0,1.0,1.0,1.0,1.0,1.0,1.0,,1.0
1.0244623276124847,11.0,,2.0,2.0,4.0,3.0,8.0,1.0,6.0,2.0,2.0,,2.0,2.0,,1.0,1.0,50.0,,1.0,,5.0,1.0,1.0,,1.0,1.0,2.0,4.0,1.0,3.0,2.0,,,,5.0,,1.0,2.0,4.0,1.0,1.0,1.0,1.0,1.0,1.0,,1.0
1.0246622617123309,11.0,3.0,2.0,2.0,4.0,3.0,8.0,1.0,6.0,2.0,2.0,,2.0,2.0,,1.0,1.0,50.0,,1.0,,5.0,1.0,1.0,,1.0,1.0,2.0,4.0,1.0,3.0,2.0,,,,5.0,,1.0,2.0,4.0,1.0,1.0,1.0,1.0,1.0,1.0,,1.0
1.0248621958121773,9.0,3.0,2.0,2.0,4.0,3.0,8.0,1.0,6.0,2.0,2.0,,2.0,2.0,,1.0,1.0,4.0,,1.0,,5.0,1.0,1.0,,1.0,,2.0,4.0,1.0,3.0,2.0,,,,5.0,,1.0,2.0,4.0,1.0,1.0,1.0,1.0,1.0,1.0,,1.0
1.02526206401187,6.0,3.0,2.0,9.0,4.0,3.0,8.0,4.0,6.0,2.0,2.0,,,2.0,,1.0,1.0,4.0,,1.0,,5.0,14.0,1.0,,,,2.0,4.0,1.0,3.0,2.0,,,,5.0,,1.0,2.0,4.0,1.0,1.0,1.0,1.0,1.0,1.0,,1.0
1.0256619322115625,14.0,3.0,2.0,9.0,4.0,3.0,8.0,4.0,6.0,2.0,2.0,,,2.0,,1.0,1.0,4.0,,1.0,,5.0,14.0,1.0,,,,2.0,4.0,1.0,3.0,2.0,,,,5.0,,1.0,2.0,4.0,1.0,1.0,1.0,1.0,1.0,1.0,,1.0
1.0260618004112552,16.0,1.0,40.0,9.0,2.0,3.0,8.0,4.0,4.0,,2.0,,,2.0,,,,4.0,,1.0,,5.0,14.0,1.0,,,,5.0,3.0,2.0,3.0,6.0,,,1.0,5.0,,1.0,2.0,4.0,1.0,1.0,1.0,1.0,1.0,1.0,,1.0
1.0264616686109478,5.0,1.0,40.0,1.0,2.0,3.0,8.0,1.0,4.0,,2.0,,1.0,2.0,,,,4.0,,1.0,,5.0,1.0,1.0,,6.0,,5.0,3.0,2.0,3.0,6.0,,,1.0,5.0,,1.0,2.0,4.0,1.0,1.0,1.0,1.0,1.0,1.0,,1.0
1.026661602710794,5.0,1.0,2.0,1.0,2.0,3.0,8.0,1.0,4.0,,2.0,,1.0,2.0,,,,4.0,,1.0,,5.0,1.0,1.0,,6.0,,5.0,3.0,2.0,3.0,6.0,,,1.0,5.0,,1.0,2.0,4.0,1.0,1.0,1.0,1.0,1.0,1.0,,1.0
1.0268615368106404,19.0,5.0,2.0,1.0,2.0,3.0,8.0,1.0,4.0,,2.0,,1.0,2.0,,,,,,1.0,,5.0,1.0,1.0,,6.0,,5.0,3.0,2.0,3.0,6.0,,,1.0,5.0,,1.0,2.0,4.0,1.0,1.0,1.0,1.0,1.0,1.0,,1.0
1.027261405010333,29.0,5.0,2.0,2.0,2.0,3.0,8.0,4.0,4.0,,2.0,,2.0,2.0,,,,,,1.0,,5.0,4.0,1.0,,1.0,,5.0,3.0,2.0,3.0,6.0,,,1.0,5.0,,1.0,2.0,4.0,1.0,1.0,1.0,1.0,1.0,1.0,,1.0
1.0276612732100256,72.0,4.0,3.0,2.0,2.0,3.0,8.0,4.0,4.0,,2.0,,2.0,2.0,,,,,,1.0,,5.0,4.0,1.0,,1.0,,5.0,3.0,2.0,3.0,6.0,,,1.0,5.0,,1.0,2.0,4.0,1.0,1.0,1.0,1.0,1.0,1.0,,1.0
1.028061141409718,17.0,4.0,3.0,2.0,2.0,3.0,8.0,4.0,4.0,,2.0,,2.0,2.0,,,,,,1.0,,5.0,4.0,1.0,,1.0,,5.0,3.0,2.0,3.0,6.0,,1.0,1.0,88.0,,1.0,2.0,4.0,1.0,1.0,1.0,1.0,1.0,1.0,,1.0
1.0284610096094107,9.0,3.0,1.0,4.0,2.0,3.0,8.0,1.0,4.0,,2.0,,2.0,2.0,,,,,,1.0,,5.0,1.0,1.0,,,,5.0,3.0,2.0,3.0,6.0,,1.0,1.0,88.0,,1.0,2.0,4.0,1.0,1.0,1.0,1.0,1.0,1.0,,1.0
1.028660943709257,9.0,3.0,1.0,4.0,2.0,3.0,8.0,1.0,4.0,,2.0,,2.0,2.0,,,,,,1.0,,5.0,1.0,1.0,,,,5.0,3.0,2.0,3.0,6.0,,1.0,1.0,88.0,,1.0,2.0,4.0,1.0,1.0,1.0,1.0,1.0,1.0,,1.0
1.0288608778091033,3.0,3.0,1.0,4.0,2.0,3.0,8.0,1.0,4.0,,2.0,,1.0,2.0,,,,,,1.0,,5.0,1.0,1.0,,,,5.0,3.0,2.0,3.0,6.0,,1.0,1.0,88.0,,1.0,2.0,4.0,1.0,1.0,1.0,1.0,1.0,1.0,,1.0
1.029260746008796,4.0,3.0,1.0,2.0,2.0,3.0,8.0,5.0,4.0,,2.0,,1.0,2.0,,,,,,1.0,,5.0,3.0,1.0,,6.0,,5.0,3.0,2.0,3.0,6.0,,1.0,1.0,88.0,,1.0,2.0,4.0,1.0,1.0,1.0,1.0,1.0,1.0,,1.0
1.0296606142084885,21.0,3.0,1.0,2.0,2.0,3.0,8.0,5.0,4.0,,2.0,,1.0,2.0,,,,,,1.0,,5.0,3.0,1.0,,6.0,,5.0,3.0,2.0,3.0,6.0,,1.0,1.0,88.0,,1.0,2.0,4.0,1.0,1.0,1.0,1.0,1.0,1.0,,1.0
1.0300604824081812,5.0,3.0,1.0,2.0,1.0,2.0,1.0,5.0,5.0,1.0,2.0,,1.0,2.0,4.0,,,,,,,5.0,3.0,1.0,,6.0,,1.0,14.0,2.0,3.0,1.0,,1.0,1.0,88.0,,2.0,1.0,3.0,1.0,1.0,1.0,1.0,1.0,1.0,,1.0
1.0304603506078738,63.0,8.0,3.0,1.0,1.0,2.0,1.0,1.0,5.0,1.0,2.0,,1.0,2.0,4.0,,,,,,,5.0,2.0,1.0,,,,1.0,14.0,2.0,3.0,1.0,,1.0,1.0,88.0,,2.0,1.0,3.0,1.0,1.0,1.0,1.0,1.0,1.0,,1.0
1.0306602847077202,63.0,8.0,3.0,1.0,1.0,2.0,1.0,1.0,5.0,1.0,2.0,,1.0,2.0,4.0,,,,,,,5.0,2.0,1.0,,,,1.0,14.0,2.0,3.0,1.0,,1.0,1.0,88.0,,2.0,1.0,3.0,1.0,1.0,1.0,1.0,1.0,1.0,,1.0
1.0308602188075664,5.0,8.0,3.0,1.0,1.0,2.0,1.0,1.0,5.0,1.0,2.0,,1.0,2.0,4.0,,,11.0,,,,5.0,2.0,1.0,,,,1.0,14.0,2.0,3.0,1.0,,1.0,1.0,88.0,,2.0,1.0,3.0,1.0,1.0,1.0,1.0,1.0,1.0,,1.0
1.031260087007259,16.0,50.0,3.0,9.0,1.0,2.0,1.0,4.0,5.0,1.0,2.0,,1.0,2.0,4.0,,,11.0,,,,5.0,4.0,1.0,,6.0,,1.0,14.0,2.0,3.0,1.0,,1.0,1.0,88.0,,2.0,1.0,3.0,1.0,1.0,1.0,1.0,1.0,1.0,,1.0
1.0316599552069516,59.0,54.0,3.0,9.0,1.0,2.0,1.0,4.0,5.0,1.0,2.0,,1.0,2.0,4.0,,,11.0,,,,5.0,4.0,1.0,,6.0,,1.0,14.0,2.0,3.0,1.0,,1.0,1.0,88.0,,2.0,1.0,3.0,1.0,1.0,1.0,1.0,1.0,1.0,,1.0
1.0320598234066443,38.0,1.0,3.0,9.0,1.0,2.0,1.0,4.0,5.0,1.0,,,1.0,,4.0,,,11.0,,,2.0,5.0,4.0,1.0,,6.0,,1.0,14.0,2.0,3.0,1.0,,1.0,1.0,88.0,,2.0,1.0,3.0,1.0,1.0,1.0,1.0,1.0,1.0,,1.0
1.0324596916063369,2.0,,3.0,1.0,1.0,2.0,1.0,1.0,5.0,1.0,,,2.0,,4.0,,,14.0,,,2.0,5.0,1.0,1.0,,6.0,,1.0,14.0,2.0,3.0,1.0,,1.0,1.0,88.0,,2.0,1.0,3.0,1.0,1.0,1.0,1.0,1.0,1.0,,1.0
1.0326596257061833,2.0,,3.0,1.0,1.0,2.0,1.0,1.0,5.0,1.0,,,2.0,,4.0,,,14.0,,,2.0,5.0,1.0,1.0,,6.0,,1.0,14.0,2.0,3.0,1.0,,1.0,1.0,88.0,,2.0,1.0,3.0,1.0,1.0,1.0,1.0,1.0,1.0,,1.0
1.0328595598060295,10.0,,3.0,1.0,1.0,2.0,1.0,1.0,5.0,1.0,,,2.0,,4.0,,,14.0,,,2.0,5.0,1.0,1.0,,6.0,,1.0,14.0,2.0,3.0,1.0,,1.0,1.0,88.0,,2.0,1.0,3.0,1.0,1.0,1.0,1.0,1.0,1.0,,1.0
1.0332594280057221,3.0,,3.0,6.0,1.0,2.0,1.0,2.0,5.0,1.0,,,2.0,,4.0,,,14.0,,,2.0,5.0,1.0,1.0,,,,1.0,14.0,2.0,3.0,1.0,,1.0,1.0,88.0,,2.0,1.0,3.0,1.0,1.0,1.0,1.0,1.0,1.0,,1.0
1.0336592962054147,11.0,1.0,3.0,6.0,1.0,2.0,1.0,2.0,5.0,1.0,,,2.0,,4.0,,,14.0,,,2.0,5.0,1.0,1.0,,,,1.0,14.0,2.0,3.0,1.0,,1.0,1.0,88.0,,2.0,1.0,3.0,1.0,1.0,1.0,1.0,1.0,1.0,,1.0
1.0340591644051074,1.0,1.0,2.0,6.0,3.0,3.0,,2.0,1.0,1.0,,,2.0,,2.0,60.0,,,1.0,,2.0,,1.0,1.0,,,,1.0,1.0,1.0,3.0,1.0,,1.0,1.0,88.0,1.0,2.0,1.0,3.0,1.0,1.0,1.0,1.0,1.0,1.0,,1.0
1.0344590326048,62.0,1.0,2.0,10.0,3.0,3.0,,2.0,1.0,1.0,,,2.0,,2.0,60.0,,,1.0,,2.0,,3.0,1.0,,,,1.0,1.0,1.0,3.0,1.0,,1.0,1.0,88.0,1.0,2.0,1.0,3.0,1.0,1.0,1.0,1.0,1.0,1.0,,1.0
1.0346589667046464,62.0,1.0,2.0,10.0,3.0,3.0,,2.0,1.0,1.0,,,2.0,,2.0,60.0,,,1.0,,2.0,,3.0,1.0,,,,1.0,1.0,1.0,3.0,1.0,,1.0,1.0,88.0,1.0,2.0,1.0,3.0,1.0,1.0,1.0,1.0,1.0,1.0,,1.0
1.0348589008044926,2.0,1.0,2.0,10.0,3.0,3.0,,1.0,1.0,1.0,,,2.0,,2.0,60.0,,,1.0,,2.0,,3.0,1.0,,,,1.0,1.0,1.0,3.0,1.0,,1.0,1.0,88.0,1.0,2.0,1.0,3.0,1.0,1.0,1.0,1.0,1.0,1.0,,1.0
1.0352587690041852,6.0,1.0,2.0,19.0,3.0,3.0,,1.0,1.0,1.0,,,2.0,,2.0,60.0,,,1.0,,2.0,,2.0,1.0,,2.0,,1.0,1.0,1.0,3.0,1.0,,1.0,1.0,88.0,1.0,2.0,1.0,3.0,1.0,1.0,1.0,1.0,1.0,1.0,,1.0
1.0356586372038779,66.0,1.0,2.0,19.0,3.0,3.0,,1.0,1.0,1.0,,,2.0,,2.0,60.0,,,1.0,,2.0,,2.0,1.0,,2.0,,1.0,1.0,1.0,3.0,1.0,,1.0,1.0,88.0,1.0,2.0,1.0,3.0,1.0,1.0,1.0,1.0,1.0,1.0,,1.0
1.0360585054035705,7.0,1.0,2.0,19.0,3.0,3.0,,1.0,1.0,,,,2.0,,2.0,60.0,,,1.0,,2.0,,2.0,1.0,,2.0,,1.0,1.0,1.0,3.0,1.0,1.0,1.0,,9.0,1.0,2.0,1.0,3.0,1.0,1.0,1.0,1.0,1.0,1.0,,1.0
1.036458373603263,2.0,1.0,2.0,3.0,3.0,3.0,,1.0,1.0,,,,5.0,,2.0,60.0,,,1.0,,2.0,,1.0,1.0,,,,1.0,1.0,1.0,3.0,1.0,1.0,1.0,,9.0,1.0,2.0,1.0,3.0,1.0,1.0,1.0,1.0,1.0,1.0,,1.0
1.0366583077031095,2.0,1.0,2.0,3.0,3.0,3.0,,1.0,1.0,,,,5.0,,2.0,60.0,,,1.0,,2.0,,1.0,1.0,,,,1.0,1.0,1.0,3.0,1.0,1.0,1.0,,9.0,1.0,2.0,1.0,3.0,1.0,1.0,1.0,1.0,1.0,1.0,,1.0
1.0368582418029557,1.0,1.0,2.0,3.0,3.0,3.0,,1.0,1.0,,,,5.0,,2.0,60.0,,,1.0,,2.0,,1.0,1.0,,,,1.0,1.0,1.0,3.0,1.0,1.0,1.0,,9.0,1.0,2.0,1.0,3.0,1.0,1.0,1.0,1.0,1.0,1.0,,1.0
1.0372581100026483,5.0,1.0,2.0,2.0,3.0,3.0,,50.0,1.0,,,,2.0,,2.0,60.0,,6.0,1.0,,2.0,,1.0,1.0,,1.0,,1.0,1.0,1.0,3.0,1.0,1.0,1.0,,9.0,1.0,2.0,1.0,3.0,1.0,1.0,1.0,1.0,1.0,1.0,,1.0
1.037657978202341,4.0,1.0,2.0,2.0,3.0,3.0,,50.0,1.0,,,,2.0,,2.0,60.0,,6.0,1.0,,2.0,,1.0,1.0,,1.0,,1.0,1.0,1.0,3.0,1.0,1.0,1.0,,9.0,1.0,2.0,1.0,3.0,1.0,1.0,1.0,1.0,1.0,1.0,,1.0
1.0380578464020336,11.0,2.0,5.0,2.0,6.0,12.0,3.0,50.0,4.0,,,,2.0,,9.0,,2.0,6.0,1.0,,,,1.0,1.0,1.0,1.0,,1.0,1.0,1.0,3.0,2.0,1.0,1.0,,9.0,1.0,2.0,1.0,3.0,1.0,1.0,1.0,1.0,1.0,1.0,,1.0
1.0384577146017262,2.0,2.0,5.0,1.0,6.0,12.0,3.0,1.0,4.0,,,,2.0,,9.0,,2.0,6.0,1.0,,,,11.0,1.0,1.0,1.0,,1.0,1.0,1.0,3.0,2.0,1.0,1.0,,9.0,1.0,2.0,1.0,3.0,1.0,1.0,1.0,1.0,1.0,1.0,,1.0
1.0386576487015724,2.0,2.0,5.0,1.0,6.0,12.0,3.0,1.0,4.0,,,,2.0,,9.0,,2.0,6.0,1.0,,,,11.0,1.0,1.0,1.0,,1.0,1.0,1.0,3.0,2.0,1.0,1.0,,9.0,1.0,2.0,1.0,3.0,1.0,1.0,1.0,1.0,1.0,1.0,,1.0
1.0388575828014188,3.0,1.0,5.0,1.0,6.0,12.0,3.0,1.0,4.0,,,,2.0,,9.0,,2.0,6.0,1.0,,,,11.0,1.0,1.0,8.0,,1.0,1.0,1.0,3.0,2.0,1.0,1.0,,9.0,1.0,2.0,1.0,3.0,1.0,1.0,1.0,1.0,1.0,1.0,,1.0
1.0392574510011114,4.0,1.0,5.0,43.0,6.0,12.0,3.0,2.0,4.0,,,,6.0,,9.0,,2.0,2.0,1.0,,,,19.0,1.0,1.0,8.0,6.0,1.0,1.0,1.0,3.0,2.0,1.0,1.0,,9.0,1.0,2.0,1.0,3.0,1.0,1.0,1.0,1.0,1.0,1.0,,1.0
1.039657319200804,53.0,2.0,5.0,43.0,6.0,12.0,3.0,2.0,4.0,,,,6.0,,9.0,,2.0,2.0,1.0,,,,19.0,1.0,1.0,8.0,6.0,1.0,1.0,1.0,3.0,2.0,1.0,1.0,,9.0,1.0,2.0,1.0,3.0,1.0,1.0,1.0,1.0,1.0,1.0,,1.0
1.0400571874004967,6.0,1.0,5.0,43.0,6.0,12.0,3.0,2.0,4.0,,,1.0,6.0,,9.0,,2.0,2.0,1.0,,,,19.0,1.0,1.0,8.0,6.0,1.0,1.0,1.0,1.0,2.0,1.0,1.0,,9.0,1.0,2.0,1.0,3.0,1.0,1.0,1.0,1.0,1.0,1.0,,1.0
1.0404570556001893,1.0,1.0,5.0,6.0,6.0,12.0,3.0,2.0,4.0,,,1.0,4.0,,9.0,,2.0,1.0,1.0,,,,19.0,1.0,1.0,,6.0,1.0,1.0,1.0,1.0,2.0,1.0,1.0,,9.0,1.0,2.0,1.0,3.0,1.0,1.0,1.0,1.0,1.0,1.0,,1.0
1.0406569897000355,1.0,1.0,5.0,6.0,6.0,12.0,3.0,2.0,4.0,,,1.0,4.0,,9.0,,2.0,1.0,1.0,,,,19.0,1.0,1.0,,6.0,1.0,1.0,1.0,1.0,2.0,1.0,1.0,,9.0,1.0,2.0,1.0,3.0,1.0,1.0,1.0,1.0,1.0,1.0,,1.0
1.040856923799882,7.0,1.0,5.0,6.0,6.0,12.0,3.0,2.0,4.0,,,1.0,4.0,,9.0,,2.0,1.0,1.0,,,,,1.0,1.0,,6.0,1.0,1.0,1.0,1.0,2.0,1.0,1.0,,9.0,1.0,2.0,1.0,3.0,1.0,1.0,1.0,1.0,1.0,1.0,,1.0
1.0412567919995745,1.0,1.0,5.0,1.0,6.0,12.0,3.0,62.0,4.0,,,1.0,35.0,,9.0,,2.0,4.0,1.0,,,,,1.0,1.0,,6.0,1.0,1.0,1.0,1.0,2.0,1.0,1.0,,9.0,1.0,2.0,1.0,3.0,1.0,1.0,1.0,1.0,1.0,1.0,,1.0
1.0416566601992672,4.0,1.0,5.0,1.0,6.0,12.0,3.0,62.0,4.0,,,1.0,35.0,,9.0,,2.0,4.0,1.0,,,,,1.0,1.0,,6.0,1.0,1.0,1.0,1.0,2.0,1.0,1.0,,9.0,1.0,2.0,1.0,3.0,1.0,1.0,1.0,1.0,1.0,1.0,,1.0
1.0420565283989598,,2.0,3.0,1.0,1.0,2.0,1.0,62.0,1.0,2.0,1.0,1.0,35.0,,3.0,6.0,,4.0,1.0,,,,,1.0,,,6.0,1.0,,1.0,1.0,2.0,1.0,1.0,,9.0,1.0,2.0,1.0,3.0,1.0,1.0,1.0,1.0,1.0,1.0,,1.0
1.0424563965986524,1.0,1.0,3.0,3.0,1.0,2.0,1.0,3.0,1.0,2.0,1.0,1.0,1.0,,3.0,6.0,,4.0,1.0,,,,1.0,1.0,,1.0,6.0,1.0,,1.0,1.0,2.0,1.0,1.0,,9.0,1.0,2.0,1.0,3.0,1.0,1.0,1.0,1.0,1.0,1.0,,1.0
1.0426563306984986,1.0,1.0,3.0,3.0,1.0,2.0,1.0,3.0,1.0,2.0,1.0,1.0,1.0,,3.0,6.0,,4.0,1.0,,,,1.0,1.0,,1.0,6.0,1.0,,1.0,1.0,2.0,1.0,1.0,,9.0,1.0,2.0,1.0,3.0,1.0,1.0,1.0,1.0,1.0,1.0,,1.0
1.042856264798345,2.0,1.0,3.0,3.0,1.0,2.0,1.0,3.0,1.0,2.0,1.0,1.0,1.0,,3.0,6.0,,2.0,1.0,,,,1.0,1.0,,1.0,6.0,1.0,,1.0,1.0,2.0,1.0,1.0,,9.0,1.0,2.0,1.0,3.0,1.0,1.0,1.0,1.0,1.0,1.0,,1.0
1.0432561329980377,1.0,7.0,3.0,11.0,1.0,2.0,1.0,2.0,1.0,2.0,1.0,1.0,1.0,,3.0,6.0,,2.0,1.0,,,,4.0,1.0,,1.0,6.0,1.0,,1.0,1.0,2.0,1.0,1.0,,9.0,1.0,2.0,1.0,3.0,1.0,1.0,1.0,1.0,1.0,1.0,,1.0
1.0436560011977303,11.0,7.0,3.0,11.0,1.0,2.0,1.0,2.0,1.0,2.0,1.0,1.0,1.0,,3.0,6.0,,2.0,1.0,,,,4.0,1.0,,1.0,6.0,1.0,,1.0,1.0,2.0,1.0,1.0,,9.0,1.0,2.0,1.0,3.0,1.0,1.0,1.0,1.0,1.0,1.0,,1.0
1.044055869397423,,7.0,3.0,11.0,1.0,2.0,1.0,2.0,1.0,2.0,1.0,1.0,1.0,,3.0,6.0,,2.0,1.0,,,,4.0,1.0,,1.0,6.0,1.0,,1.0,1.0,2.0,1.0,1.0,,1.0,1.0,2.0,1.0,3.0,1.0,1.0,1.0,1.0,1.0,1.0,,1.0
1.0444557375971155,6.0,1.0,3.0,4.0,1.0,2.0,1.0,3.0,1.0,2.0,1.0,1.0,1.0,,3.0,6.0,,2.0,1.0,,,,2.0,1.0,,1.0,6.0,1.0,,1.0,1.0,2.0,1.0,1.0,,1.0,1.0,2.0,1.0,3.0,1.0,1.0,1.0,1.0,1.0,1.0,,1.0
1.0446556716969617,6.0,1.0,3.0,4.0,1.0,2.0,1.0,3.0,1.0,2.0,1.0,1.0,1.0,,3.0,6.0,,2.0,1.0,,,,2.0,1.0,,1.0,6.0,1.0,,1.0,1.0,2.0,1.0,1.0,,1.0,1.0,2.0,1.0,3.0,1.0,1.0,1.0,1.0,1.0,1.0,,1.0
1.0448556057968081,15.0,1.0,3.0,4.0,1.0,2.0,1.0,3.0,1.0,2.0,1.0,1.0,1.0,,3.0,6.0,,2.0,1.0,,,,2.0,1.0,,1.0,6.0,1.0,,1.0,1.0,2.0,1.0,1.0,,1.0,1.0,2.0,1.0,3.0,1.0,1.0,1.0,1.0,1.0,1.0,,1.0
1.0452554739965008,2.0,1.0,3.0,9.0,1.0,2.0,1.0,2.0,1.0,2.0,1.0,1.0,31.0,,3.0,6.0,,1.0,1.0,,,,1.0,1.0,,,6.0,1.0,,1.0,1.0,2.0,1.0,1.0,,1.0,1.0,2.0,1.0,3.0,1.0,1.0,1.0,1.0,1.0,1.0,,1.0
1.0456553421961934,1.0,1.0,3.0,9.0,1.0,2.0,1.0,2.0,1.0,2.0,1.0,1.0,31.0,,3.0,6.0,,1.0,1.0,,,,1.0,1.0,,,6.0,1.0,,1.0,1.0,2.0,1.0,1.0,,1.0,1.0,2.0,1.0,3.0,1.0,1.0,1.0,1.0,1.0,1.0,,1.0
1.046055210395886,,1.0,10.0,9.0,4.0,1.0,2.0,2.0,1.0,,1.0,1.0,31.0,,,6.0,,1.0,,,,,1.0,1.0,1.0,,6.0,5.0,3.0,1.0,1.0,2.0,1.0,1.0,,1.0,1.0,2.0,1.0,3.0,1.0,1.0,1.0,1.0,1.0,1.0,,1.0
1.0464550785955786,,1.0,10.0,1.0,4.0,1.0,2.0,1.0,1.0,,1.0,1.0,1.0,,,6.0,,1.0,,,,,1.0,1.0,1.0,,6.0,5.0,3.0,1.0,1.0,2.0,1.0,1.0,,1.0,1.0,2.0,1.0,3.0,1.0,1.0,1.0,1.0,1.0,1.0,,1.0
1.0466550126954248,,1.0,10.0,1.0,4.0,1.0,2.0,1.0,1.0,,1.0,1.0,1.0,,,6.0,,1.0,,,,,1.0,1.0,1.0,,6.0,5.0,3.0,1.0,1.0,2.0,1.0,1.0,,1.0,1.0,2.0,1.0,3.0,1.0,1.0,1.0,1.0,1.0,1.0,,1.0
1.0468549467952712,15.0,1.0,10.0,1.0,4.0,1.0,2.0,1.0,1.0,,1.0,1.0,1.0,,,6.0,,1.0,,,,,2.0,1.0,1.0,,6.0,5.0,3.0,1.0,1.0,2.0,1.0,1.0,,1.0,1.0,2.0,1.0,3.0,1.0,1.0,1.0,1.0,1.0,1.0,,1.0
1.0472548149949639,,1.0,10.0,12.0,4.0,1.0,2.0,9.0,1.0,,1.0,1.0,4.0,,,6.0,,2.0,,,,,2.0,1.0,1.0,2.0,6.0,5.0,3.0,1.0,1.0,2.0,1.0,1.0,,1.0,1.0,2.0,1.0,3.0,1.0,1.0,1.0,1.0,1.0,1.0,,1.0
1.0476546831946565,27.0,3.0,10.0,12.0,4.0,1.0,2.0,9.0,1.0,,1.0,1.0,4.0,,,6.0,,2.0,,,,,2.0,1.0,1.0,2.0,6.0,5.0,3.0,1.0,1.0,2.0,1.0,1.0,,1.0,1.0,2.0,1.0,3.0,1.0,1.0,1.0,1.0,1.0,1.0,,1.0
1.048654353693888,27.0,3.0,10.0,19.0,4.0,1.0,2.0,18.0,1.0,,1.0,,,,,6.0,,2.0,,,,,3.0,1.0,1.0,2.0,6.0,5.0,3.0,1.0,1.0,2.0,1.0,1.0,,1.0,1.0,2.0,1.0,3.0,1.0,1.0,1.0,1.0,1.0,1.0,,1.0
1.0496540241931194,27.0,3.0,10.0,1.0,4.0,1.0,2.0,1.0,1.0,,1.0,,,,,6.0,,2.0,,,,,1.0,1.0,1.0,1.0,6.0,5.0,3.0,1.0,1.0,2.0,1.0,1.0,,1.0,1.0,2.0,1.0,3.0,1.0,1.0,1.0,1.0,1.0,1.0,,1.0
1.050653694692351,2.0,3.0,2.0,5.0,8.0,1.0,1.0,1.0,2.0,,15.0,,,,1.0,4.0,,2.0,,,,,1.0,1.0,1.0,,,1.0,,1.0,,2.0,1.0,1.0,,1.0,1.0,,1.0,4.0,,7.0,1.0,2.0,1.0,1.0,,1.0
1.0516533651915825,2.0,3.0,2.0,29.0,8.0,1.0,1.0,6.0,2.0,,15.0,,3.0,,1.0,4.0,,82.0,,,,,35.0,1.0,1.0,2.0,,1.0,,1.0,,2.0,1.0,1.0,,1.0,1.0,,1.0,4.0,,7.0,1.0,2.0,1.0,1.0,,1.0
1.0526530356908141,2.0,3.0,2.0,12.0,8.0,1.0,1.0,5.0,2.0,,15.0,,2.0,,1.0,4.0,,,,,,,2.0,1.0,1.0,,,1.0,,2.0,,4.0,8.0,4.0,,7.0,1.0,,1.0,4.0,,7.0,1.0,2.0,1.0,1.0,,1.0
1.0536527061900456,2.0,3.0,2.0,6.0,8.0,1.0,1.0,1.0,2.0,,15.0,,1.0,,1.0,4.0,,,,,,,1.0,1.0,3.0,,,1.0,,2.0,,4.0,8.0,4.0,,7.0,1.0,,1.0,4.0,,7.0,1.0,2.0,1.0,1.0,,1.0
1.0546523766892772,23.0,3.0,9.0,1.0,5.0,2.0,1.0,3.0,1.0,,4.0,,3.0,,1.0,14.0,,,,,,,4.0,1.0,,3.0,,1.0,1.0,2.0,1.0,4.0,8.0,4.0,,7.0,1.0,,1.0,4.0,,7.0,1.0,2.0,1.0,1.0,,1.0
1.0556520471885087,23.0,3.0,9.0,1.0,5.0,2.0,1.0,10.0,1.0,,4.0,,2.0,,1.0,14.0,,1.0,,,,,11.0,1.0,,3.0,,1.0,1.0,2.0,1.0,4.0,8.0,4.0,,7.0,1.0,,1.0,4.0,,7.0,1.0,2.0,1.0,1.0,,1.0
1.0566517176877404,23.0,3.0,9.0,1.0,5.0,2.0,1.0,2.0,1.0,,4.0,,1.0,1.0,,14.0,,,,,,,11.0,1.0,,,,1.0,1.0,2.0,1.0,4.0,8.0,4.0,,7.0,1.0,,1.0,4.0,,7.0,1.0,2.0,1.0,1.0,,1.0
1.0576513881869718,23.0,3.0,9.0,2.0,5.0,2.0,1.0,2.0,1.0,,4.0,,4.0,1.0,,14.0,,1.0,,,,,,1.0,,,,1.0,1.0,2.0,1.0,4.0,8.0,4.0,,7.0,1.0,,1.0,4.0,,7.0,1.0,2.0,1.0,1.0,,1.0
1.0586510586862035,31.0,6.0,10.0,3.0,4.0,2.0,1.0,6.0,4.0,6.0,24.0,,1.0,1.0,,2.0,,1.0,,,,,,1.0,1.0,,,3.0,1.0,1.0,,30.0,1.0,1.0,,40.0,1.0,,1.0,4.0,,7.0,1.0,2.0,1.0,1.0,,1.0
1.059650729185435,31.0,6.0,10.0,2.0,4.0,2.0,1.0,5.0,4.0,6.0,24.0,,4.0,1.0,,2.0,,1.0,,,,,25.0,1.0,1.0,6.0,,3.0,1.0,1.0,,30.0,1.0,1.0,,40.0,1.0,,1.0,4.0,,7.0,1.0,2.0,1.0,1.0,,1.0
1.0606503996846663,31.0,6.0,10.0,2.0,4.0,2.0,1.0,3.0,4.0,6.0,24.0,,,1.0,,2.0,,1.0,,,,,,1.0,1.0,2.0,,3.0,1.0,1.0,,30.0,1.0,1.0,,40.0,1.0,,1.0,4.0,,7.0,1.0,2.0,1.0,1.0,,1.0
1.061650070183898,31.0,6.0,10.0,7.0,4.0,2.0,1.0,3.0,4.0,6.0,24.0,,,1.0,,2.0,,,,,,,,1.0,,,,3.0,1.0,1.0,,30.0,1.0,1.0,,40.0,1.0,,1.0,4.0,,7.0,1.0,2.0,1.0,1.0,,1.0
1.0626497406831295,2.0,1.0,5.0,1.0,1.0,1.0,1.0,1.0,3.0,6.0,24.0,,,1.0,,,,,,,,,16.0,1.0,,,,3.0,,2.0,,3.0,1.0,2.0,1.0,7.0,1.0,,1.0,4.0,,7.0,1.0,2.0,1.0,1.0,,1.0
1.0636494111823611,2.0,1.0,5.0,11.0,1.0,1.0,1.0,9.0,3.0,6.0,24.0,,1.0,1.0,,,,1.0,,,,,16.0,1.0,2.0,,,3.0,,2.0,,3.0,1.0,2.0,1.0,7.0,1.0,,1.0,4.0,,7.0,1.0,2.0,1.0,1.0,,1.0
1.0646490816815926,2.0,1.0,5.0,3.0,1.0,1.0,1.0,9.0,3.0,1.0,2.0,,,,,,,1.0,,,,,,1.0,2.0,,,3.0,,2.0,,3.0,1.0,2.0,1.0,7.0,1.0,,1.0,4.0,,7.0,1.0,2.0,1.0,1.0,,1.0
1.0656487521808242,2.0,1.0,5.0,2.0,1.0,1.0,1.0,3.0,3.0,1.0,2.0,,,,,,,,,,,,,1.0,1.0,,,3.0,,2.0,,3.0,1.0,2.0,1.0,7.0,1.0,,1.0,4.0,,7.0,1.0,2.0,1.0,1.0,,1.0
1.0666484226800557,51.0,3.0,3.0,1.0,18.0,1.0,2.0,1.0,,1.0,2.0,,1.0,,,,,,,,,,,1.0,1.0,1.0,,1.0,,2.0,3.0,3.0,1.0,2.0,1.0,7.0,1.0,,1.0,4.0,,7.0,1.0,2.0,1.0,1.0,,1.0
1.0676480931792873,51.0,3.0,3.0,1.0,18.0,1.0,2.0,1.0,,1.0,2.0,,1.0,,,,,2.0,,,,,32.0,1.0,1.0,1.0,,1.0,,2.0,3.0,3.0,1.0,2.0,1.0,7.0,1.0,,1.0,4.0,,7.0,1.0,2.0,1.0,1.0,,1.0
1.0686477636785188,51.0,3.0,3.0,4.0,18.0,1.0,2.0,1.0,,1.0,2.0,,1.0,,,,,2.0,,,,,32.0,1.0,1.0,,,1.0,,4.0,3.0,2.0,,6.0,15.0,15.0,1.0,,1.0,4.0,,7.0,1.0,2.0,1.0,1.0,,1.0
1.0696474341777502,51.0,3.0,3.0,4.0,18.0,1.0,2.0,1.0,,1.0,2.0,,1.0,,,,,2.0,,,,,32.0,1.0,1.0,2.0,,1.0,,4.0,3.0,2.0,,6.0,15.0,15.0,1.0,,1.0,4.0,,7.0,1.0,2.0,1.0,1.0,,1.0
1.0706471046769819,66.0,3.0,1.0,1.0,2.0,1.0,1.0,2.0,,1.0,2.0,,3.0,,,,,1.0,,,,,38.0,1.0,3.0,,,5.0,,4.0,3.0,2.0,,6.0,15.0,15.0,,1.0,3.0,1.0,,,1.0,2.0,1.0,1.0,,1.0
1.0716467751762133,66.0,3.0,1.0,2.0,2.0,1.0,1.0,1.0,,1.0,2.0,,1.0,,,,,1.0,,,,,38.0,1.0,3.0,1.0,,5.0,,4.0,3.0,2.0,,6.0,15.0,15.0,,1.0,3.0,1.0,,,1.0,2.0,1.0,1.0,,1.0
1.072646445675445,66.0,3.0,1.0,1.0,2.0,1.0,1.0,1.0,,1.0,1.0,,1.0,,,,,1.0,,,,,38.0,1.0,3.0,1.0,6.0,5.0,,4.0,3.0,2.0,,6.0,15.0,15.0,,1.0,3.0,1.0,,,1.0,2.0,1.0,1.0,,1.0
1.0736461161746764,66.0,3.0,1.0,1.0,2.0,1.0,1.0,1.0,,1.0,1.0,,,,,,,,,,,,,1.0,3.0,1.0,6.0,5.0,,4.0,3.0,2.0,,6.0,15.0,15.0,,1.0,3.0,1.0,,,1.0,2.0,1.0,1.0,,1.0
1.074645786673908,6.0,3.0,3.0,3.0,2.0,1.0,1.0,2.0,1.0,,1.0,,1.0,,,,,1.0,,,,,,1.0,4.0,3.0,6.0,2.0,,4.0,3.0,2.0,,6.0,15.0,15.0,,1.0,3.0,1.0,,,1.0,2.0,1.0,1.0,,1.0
1.0756454571731395,6.0,3.0,3.0,2.0,2.0,1.0,1.0,10.0,1.0,,1.0,,2.0,,,,,1.0,,,,,1.0,1.0,4.0,3.0,6.0,2.0,,4.0,3.0,2.0,,6.0,15.0,15.0,,1.0,3.0,1.0,,,1.0,2.0,1.0,1.0,,1.0
1.0766451276723712,6.0,3.0,3.0,2.0,2.0,1.0,1.0,10.0,1.0,,1.0,,1.0,,,,,1.0,,,,,1.0,1.0,4.0,3.0,6.0,2.0,,16.0,3.0,101.0,1.0,,,1.0,,1.0,3.0,1.0,,,1.0,2.0,1.0,1.0,,1.0
1.0776447981716026,6.0,3.0,3.0,2.0,2.0,1.0,1.0,1.0,1.0,,1.0,,,,,,,6.0,,,,,1.0,1.0,4.0,4.0,6.0,2.0,,16.0,3.0,101.0,1.0,,,1.0,,1.0,3.0,1.0,,,1.0,2.0,1.0,1.0,,1.0
1.0786444686708343,3.0,11.0,1.0,1.0,1.0,3.0,12.0,,1.0,,1.0,,,,,,,6.0,,,,,1.0,1.0,1.0,4.0,6.0,2.0,2.0,16.0,3.0,101.0,1.0,,,1.0,,1.0,3.0,1.0,,,1.0,2.0,1.0,1.0,,1.0
1.0796441391700657,3.0,11.0,1.0,4.0,1.0,3.0,12.0,4.0,1.0,,1.0,,2.0,,,,,6.0,,,,,1.0,1.0,1.0,12.0,6.0,2.0,2.0,16.0,3.0,101.0,1.0,,,1.0,,1.0,3.0,1.0,,,1.0,2.0,1.0,1.0,,1.0
1.0806438096692972,3.0,11.0,1.0,1.0,1.0,3.0,12.0,1.0,1.0,9.0,1.0,,2.0,,,,,6.0,,,,,1.0,1.0,1.0,5.0,6.0,2.0,2.0,16.0,3.0,101.0,1.0,,,1.0,,1.0,3.0,1.0,,,1.0,2.0,1.0,1.0,,1.0
1.0816434801685288,3.0,11.0,1.0,1.0,1.0,3.0,12.0,,1.0,9.0,1.0,,2.0,,,,,,,,,,1.0,1.0,1.0,1.0,6.0,2.0,2.0,16.0,3.0,101.0,1.0,,,1.0,,1.0,3.0,1.0,,,1.0,2.0,1.0,1.0,,1.0
1.0826431506677603,10.0,5.0,1.0,,10.0,2.0,12.0,1.0,1.0,9.0,1.0,1.0,2.0,,1.0,,,,,,,,1.0,1.0,1.0,1.0,6.0,73.0,2.0,16.0,3.0,101.0,1.0,,,1.0,,1.0,3.0,1.0,,,1.0,2.0,1.0,1.0,,1.0
1.083642821166992,10.0,5.0,1.0,1.0,10.0,2.0,12.0,1.0,1.0,9.0,1.0,1.0,1.0,,1.0,,,2.0,,,,,1.0,1.0,1.0,1.0,6.0,73.0,2.0,16.0,3.0,101.0,1.0,,,1.0,,1.0,3.0,1.0,,,1.0,2.0,1.0,1.0,,1.0
1.0846424916662234,10.0,5.0,1.0,1.0,10.0,2.0,1.0,18.0,1.0,9.0,1.0,1.0,1.0,,1.0,,,1.0,,,,,1.0,1.0,1.0,1.0,1.0,73.0,2.0,2.0,3.0,1.0,2.0,1.0,,1.0,,1.0,3.0,1.0,,,1.0,2.0,1.0,1.0,,1.0
1.085642162165455,10.0,5.0,1.0,2.0,10.0,2.0,1.0,3.0,1.0,9.0,1.0,1.0,1.0,,1.0,,,1.0,,,,,1.0,1.0,1.0,1.0,1.0,73.0,2.0,2.0,3.0,1.0,2.0,1.0,,1.0,,1.0,3.0,1.0,,,1.0,2.0,1.0,1.0,,1.0
1.0866418326646865,2.0,1.0,2.0,,12.0,,1.0,,,,1.0,1.0,11.0,,1.0,,,,,,,,1.0,1.0,,1.0,1.0,6.0,2.0,2.0,3.0,1.0,2.0,1.0,,1.0,,1.0,3.0,1.0,,,1.0,2.0,1.0,1.0,,1.0
1.0876415031639182,2.0,1.0,2.0,1.0,12.0,,1.0,1.0,,,1.0,1.0,11.0,,1.0,,,,,,,,1.0,1.0,,4.0,1.0,6.0,2.0,2.0,3.0,1.0,2.0,1.0,,1.0,,1.0,3.0,1.0,,,1.0,2.0,1.0,1.0,,1.0
1.0886411736631496,2.0,1.0,2.0,5.0,12.0,,1.0,1.0,,,1.0,1.0,,,1.0,,,,,,,,1.0,1.0,,1.0,1.0,6.0,2.0,2.0,3.0,1.0,2.0,1.0,,1.0,,1.0,3.0,1.0,,,1.0,2.0,1.0,1.0,,1.0
1.0896408441623813,2.0,1.0,2.0,3.0,12.0,,1.0,1.0,,,1.0,1.0,1.0,,1.0,,,,,,,,1.0,1.0,,,1.0,6.0,2.0,2.0,3.0,1.0,2.0,1.0,,1.0,,1.0,3.0,1.0,,,1.0,2.0,1.0,1.0,,1.0
1.0906405146616127,,1.0,1.0,1.0,12.0,1.0,,1.0,,,2.0,1.0,1.0,,1.0,,,,,,,,1.0,1.0,1.0,,1.0,,2.0,2.0,3.0,1.0,2.0,1.0,,1.0,,,2.0,9.0,,,1.0,2.0,1.0,,3.0,1.0
1.0916401851608442,,1.0,1.0,2.0,12.0,1.0,,3.0,,,2.0,1.0,12.0,,1.0,,,,,,,,1.0,1.0,1.0,4.0,1.0,,2.0,2.0,3.0,1.0,2.0,1.0,,1.0,,,2.0,9.0,,,1.0,2.0,1.0,,3.0,1.0
1.0926398556600758,,1.0,1.0,1.0,1.0,1.0,,2.0,1.0,,2.0,1.0,2.0,,1.0,,,,,,,,1.0,1.0,1.0,4.0,1.0,,1.0,2.0,3.0,4.0,3.0,2.0,,,,,2.0,9.0,,,1.0,2.0,1.0,,3.0,1.0
1.0936395261593073,,1.0,1.0,1.0,1.0,1.0,,1.0,1.0,,2.0,1.0,2.0,,1.0,,,,,,,,1.0,1.0,1.0,4.0,1.0,,1.0,2.0,3.0,4.0,3.0,2.0,,,,,2.0,9.0,,,1.0,2.0,1.0,,3.0,1.0
1.094639196658539,1.0,,1.0,1.0,1.0,,,1.0,1.0,,2.0,1.0,2.0,,1.0,,,,,,,,1.0,1.0,1.0,1.0,,6.0,1.0,2.0,3.0,4.0,3.0,2.0,,,,,2.0,9.0,,,1.0,2.0,1.0,,3.0,1.0
1.0956388671577704,1.0,,1.0,9.0,1.0,,,15.0,1.0,,2.0,1.0,1.0,,1.0,,,,,,,,1.0,1.0,1.0,1.0,,6.0,1.0,2.0,3.0,4.0,3.0,2.0,,,,,2.0,9.0,,,1.0,2.0,1.0,,3.0,1.0
1.096638537657002,1.0,,1.0,9.0,1.0,,,15.0,1.0,,2.0,1.0,1.0,,1.0,,,,,,,,1.0,1.0,1.0,,,6.0,1.0,2.0,3.0,4.0,3.0,2.0,,,,,2.0,9.0,,,1.0,2.0,1.0,,3.0,1.0
1.0986378786554651,2.0,1.0,,1.0,,,1.0,1.0,1.0,,2.0,1.0,2.0,,1.0,,,5.0,,,,,2.0,1.0,1.0,1.0,,9.0,1.0,2.0,3.0,278.0,1.0,,,200.0,,,2.0,9.0,,,1.0,2.0,1.0,,3.0,1.0
1.0996375491546966,2.0,1.0,,1.0,,,1.0,1.0,1.0,,2.0,1.0,2.0,,1.0,,,5.0,,,,,2.0,1.0,1.0,4.0,,9.0,1.0,2.0,3.0,278.0,1.0,,,200.0,,,2.0,9.0,,,1.0,2.0,1.0,,3.0,1.0
1.100637219653928,2.0,1.0,,1.0,,,1.0,1.0,1.0,,2.0,1.0,,,1.0,,,4.0,,,,,2.0,1.0,1.0,,,9.0,1.0,2.0,3.0,278.0,1.0,,,200.0,,,2.0,9.0,,,1.0,2.0,1.0,,3.0,1.0
1.1016368901531597,2.0,1.0,,1.0,,,1.0,1.0,1.0,,2.0,1.0,1.0,,1.0,,,4.0,,,,,2.0,1.0,1.0,1.0,,9.0,1.0,2.0,3.0,278.0,1.0,,,200.0,,,2.0,9.0,,,1.0,2.0,1.0,,3.0,1.0
1.1026365606523911,1.0,,,2.0,,,1.0,3.0,1.0,,2.0,1.0,1.0,,1.0,,,4.0,,,,,3.0,1.0,1.0,,,4.0,1.0,2.0,3.0,2.0,1.0,3.0,1.0,1.0,,,2.0,9.0,,,1.0,2.0,1.0,,3.0,1.0
1.1036362311516228,1.0,,,2.0,,,1.0,3.0,1.0,,2.0,1.0,1.0,,1.0,,,,,,,,3.0,1.0,1.0,1.0,,4.0,1.0,2.0,3.0,2.0,1.0,3.0,1.0,1.0,,,2.0,9.0,,,1.0,2.0,1.0,,3.0,1.0
1.1046359016508542,1.0,,5.0,2.0,,,1.0,3.0,1.0,,2.0,1.0,1.0,,1.0,,,,,,,,3.0,1.0,1.0,1.0,,4.0,1.0,2.0,3.0,2.0,1.0,3.0,1.0,1.0,,,2.0,9.0,,,1.0,2.0,1.0,,3.0,1.0
1.105635572150086,1.0,,5.0,2.0,,,1.0,3.0,1.0,,2.0,1.0,1.0,,1.0,,,,,,,,3.0,1.0,1.0,1.0,,4.0,1.0,2.0,3.0,2.0,1.0,3.0,1.0,1.0,,,2.0,9.0,,,1.0,2.0,1.0,,3.0,1.0
1.1066352426493173,1.0,,5.0,1.0,,,,1.0,2.0,,2.0,1.0,1.0,,1.0,,,,,,,,6.0,1.0,1.0,1.0,,15.0,1.0,2.0,3.0,2.0,1.0,3.0,1.0,1.0,,,2.0,9.0,,,1.0,2.0,1.0,,3.0,1.0
1.107634913148549,1.0,,5.0,1.0,,,,1.0,2.0,,2.0,1.0,4.0,,1.0,,,6.0,,,,,6.0,1.0,1.0,1.0,,15.0,1.0,2.0,3.0,2.0,1.0,3.0,1.0,1.0,,,2.0,9.0,,,1.0,2.0,1.0,,3.0,1.0
1.1086345836477804,,,5.0,1.0,2.0,,,1.0,2.0,,2.0,1.0,1.0,,1.0,,,6.0,,,,,6.0,1.0,1.0,1.0,,15.0,1.0,2.0,3.0,2.0,1.0,3.0,1.0,1.0,,,2.0,9.0,,,1.0,2.0,1.0,,3.0,1.0
1.1106339246462436,,,5.0,1.0,2.0,,1.0,1.0,,,2.0,1.0,2.0,,1.0,,,1.0,,,,,1.0,1.0,1.0,1.0,,2.0,1.0,2.0,3.0,2.0,1.0,3.0,1.0,1.0,,2.0,3.0,5.0,,,1.0,1.0,1.0,,3.0,1.0
1.111633595145475,,,5.0,1.0,2.0,,1.0,1.0,,,2.0,1.0,2.0,,1.0,,,1.0,,,,,1.0,1.0,1.0,1.0,,2.0,1.0,2.0,3.0,2.0,1.0,3.0,1.0,1.0,,2.0,3.0,5.0,,,1.0,1.0,1.0,,3.0,1.0
1.1126332656447067,,,1.0,1.0,2.0,,1.0,1.0,,,2.0,1.0,2.0,,1.0,,,1.0,,,,,1.0,1.0,1.0,1.0,,2.0,1.0,1.0,3.0,38.0,1.0,3.0,1.0,1.0,,2.0,3.0,5.0,,,1.0,1.0,1.0,,3.0,1.0
1.113632936143938,,,1.0,1.0,2.0,,1.0,1.0,,,2.0,1.0,2.0,,1.0,,,1.0,,,,,1.0,1.0,1.0,,,2.0,1.0,1.0,3.0,38.0,1.0,3.0,1.0,1.0,,2.0,3.0,5.0,,,1.0,1.0,1.0,,3.0,1.0
1.1146326066431698,,,1.0,9.0,2.0,,,3.0,,,2.0,1.0,2.0,,1.0,,,1.0,,,,,1.0,1.0,1.0,1.0,,4.0,1.0,1.0,3.0,38.0,1.0,3.0,1.0,1.0,,2.0,3.0,5.0,,,1.0,1.0,1.0,,3.0,1.0
1.1156322771424012,,,1.0,9.0,2.0,,,3.0,,,2.0,1.0,2.0,,1.0,,,1.0,,,,,1.0,1.0,1.0,1.0,,4.0,1.0,1.0,3.0,38.0,1.0,3.0,1.0,1.0,,2.0,3.0,5.0,,,1.0,1.0,1.0,,3.0,1.0
1.1166319476416329,,,1.0,9.0,2.0,,,3.0,1.0,,2.0,1.0,2.0,,1.0,,,1.0,,,,,1.0,1.0,1.0,1.0,,4.0,1.0,1.0,,38.0,1.0,3.0,1.0,1.0,,2.0,3.0,5.0,,,1.0,1.0,1.0,,3.0,1.0
1.118631288640096,1.0,,1.0,5.0,,,,2.0,1.0,,2.0,1.0,2.0,,1.0,,,1.0,,,,,1.0,1.0,1.0,10.0,,2.0,1.0,1.0,,38.0,1.0,3.0,1.0,1.0,,2.0,3.0,5.0,,,1.0,1.0,1.0,,3.0,1.0
1.1196309591393274,1.0,,1.0,5.0,,,,2.0,1.0,,2.0,1.0,2.0,,1.0,,,1.0,,,,,1.0,1.0,1.0,3.0,,2.0,1.0,1.0,,38.0,1.0,3.0,1.0,1.0,,2.0,3.0,5.0,,,1.0,1.0,1.0,,3.0,1.0
1.122629970637022,,1.0,1.0,1.0,,,,1.0,1.0,,1.0,1.0,1.0,,1.0,,,1.0,,,,,6.0,1.0,,,,1.0,1.0,1.0,,38.0,1.0,3.0,1.0,1.0,,2.0,3.0,5.0,,,1.0,1.0,1.0,2.0,3.0,1.0
1.1236296411362536,,1.0,1.0,1.0,,,,1.0,1.0,,1.0,1.0,2.0,,1.0,,,1.0,,,,,6.0,1.0,,,,1.0,1.0,1.0,,38.0,1.0,3.0,1.0,1.0,,2.0,3.0,5.0,,,1.0,1.0,1.0,2.0,3.0,1.0
1.1276283231331798,,,1.0,6.0,,,,1.0,1.0,,1.0,1.0,,,1.0,1.0,,5.0,,,,,4.0,1.0,,1.0,,1.0,20.0,1.0,,38.0,1.0,3.0,1.0,1.0,,2.0,3.0,5.0,,,1.0,1.0,1.0,2.0,3.0,1.0
1.1316270051301058,,,13.0,1.0,,,,5.0,1.0,1.0,1.0,1.0,,,1.0,1.0,,,,,,,1.0,1.0,,1.0,,,20.0,1.0,,2.0,1.0,3.0,2.0,4.0,,1.0,3.0,6.0,,,1.0,1.0,1.0,2.0,3.0,1.0
1.1346260166278006,1.0,2.0,13.0,1.0,,,,2.0,,1.0,1.0,1.0,1.0,,1.0,1.0,,,,,,,,1.0,,3.0,,,8.0,1.0,,2.0,1.0,2.0,2.0,4.0,,1.0,3.0,6.0,,,1.0,1.0,1.0,2.0,3.0,1.0
1.135625687127032,1.0,2.0,13.0,1.0,,,,2.0,,1.0,1.0,1.0,1.0,,1.0,1.0,,,,,,,,1.0,,3.0,,,8.0,1.0,,2.0,1.0,2.0,2.0,4.0,,1.0,3.0,6.0,,,1.0,1.0,1.0,2.0,3.0,1.0
1.1396243691239583,1.0,2.0,13.0,20.0,,,,2.0,4.0,1.0,1.0,1.0,1.0,,1.0,1.0,,,,,,,1.0,1.0,,1.0,,2.0,8.0,1.0,,2.0,1.0,2.0,2.0,4.0,,1.0,3.0,6.0,,,1.0,1.0,1.0,2.0,3.0,1.0
1.1436230511208845,1.0,2.0,13.0,,,,,1.0,4.0,1.0,1.0,1.0,,,1.0,1.0,,,,,,,1.0,1.0,,1.0,,2.0,8.0,1.0,,2.0,1.0,2.0,2.0,4.0,,1.0,3.0,6.0,,,1.0,1.0,1.0,2.0,3.0,1.0
1.1476217331178107,1.0,,,,,,,,4.0,1.0,1.0,1.0,1.0,,1.0,1.0,,,,,,,1.0,1.0,,1.0,,3.0,8.0,1.0,,2.0,1.0,2.0,2.0,4.0,,1.0,3.0,6.0,,,1.0,1.0,1.0,2.0,3.0,1.0
1.151620415114737,,,,,,1.0,,,,1.0,1.0,1.0,1.0,,1.0,1.0,,2.0,,,,,1.0,1.0,1.0,,,3.0,1.0,3.0,,1.0,1.0,2.0,1.0,19.0,,2.0,1.0,5.0,,,1.0,20.0,1.0,,3.0,1.0
1.1556190971116629,,,,165.0,,1.0,,,,1.0,1.0,1.0,1.0,,1.0,1.0,,1.0,,,,,3.0,1.0,1.0,,,1.0,1.0,3.0,,1.0,1.0,2.0,1.0,19.0,,2.0,1.0,5.0,,,1.0,20.0,1.0,,3.0,1.0
1.159617779108589,,4.0,,4.0,,1.0,,1.0,,1.0,1.0,1.0,,,1.0,1.0,,5.0,,,,,,1.0,1.0,1.0,,2.0,1.0,3.0,,1.0,1.0,2.0,1.0,19.0,,2.0,1.0,5.0,,,1.0,20.0,1.0,,3.0,1.0
1.1636164611055153,,4.0,,,,1.0,,1.0,,1.0,1.0,1.0,,,1.0,1.0,,5.0,,,,,,1.0,1.0,1.0,,2.0,1.0,3.0,,1.0,1.0,2.0,1.0,19.0,,2.0,1.0,5.0,,,,20.0,1.0,,3.0,1.0
1.1676151431024415,2.0,4.0,,,,1.0,,2.0,,1.0,1.0,1.0,1.0,,1.0,1.0,,5.0,,,,,,1.0,1.0,1.0,,2.0,1.0,3.0,,1.0,1.0,2.0,1.0,19.0,,2.0,1.0,5.0,,,,20.0,1.0,,3.0,1.0
1.1716138250993677,2.0,1.0,,,1.0,1.0,,1.0,1.0,1.0,,,1.0,,1.0,1.0,,3.0,,,,,,1.0,1.0,4.0,,4.0,1.0,1.0,,15.0,3.0,3.0,,1.0,,,,2.0,,,,8.0,1.0,,3.0,1.0
1.1756125070962937,2.0,1.0,,1.0,1.0,1.0,,1.0,1.0,1.0,,,,,1.0,1.0,,3.0,,,,,,1.0,1.0,4.0,,4.0,1.0,1.0,,15.0,3.0,3.0,,1.0,,,,2.0,,,,8.0,1.0,,3.0,1.0
1.17961118909322,2.0,1.0,,4.0,1.0,1.0,,1.0,1.0,1.0,,,,,1.0,1.0,,3.0,,,,,2.0,1.0,1.0,4.0,,4.0,1.0,1.0,,15.0,3.0,3.0,,1.0,,,,2.0,,,,8.0,1.0,,3.0,1.0
1.1836098710901461,2.0,1.0,,4.0,1.0,1.0,,,1.0,1.0,,,,,1.0,1.0,,3.0,,,,,2.0,1.0,21.0,4.0,,4.0,1.0,1.0,,15.0,3.0,3.0,,1.0,,,,2.0,,,,8.0,1.0,,3.0,1.0
1.1876085530870724,2.0,1.0,,,1.0,1.0,,,1.0,1.0,,,,,1.0,1.0,,3.0,,,,,2.0,1.0,21.0,4.0,,4.0,1.0,1.0,,15.0,3.0,3.0,,1.0,,,,2.0,,,,8.0,1.0,,3.0,1.0
1.1916072350839986,2.0,1.0,,,1.0,,1.0,1.0,1.0,1.0,,,2.0,,1.0,1.0,,1.0,,,,,25.0,1.0,21.0,2.0,1.0,1.0,1.0,1.0,,5.0,1.0,3.0,1.0,1.0,2.0,2.0,,16.0,,,,22.0,1.0,2.0,3.0,1.0
1.1956059170809246,2.0,1.0,,1.0,1.0,,1.0,1.0,1.0,1.0,,,2.0,,1.0,1.0,,1.0,,,,,25.0,1.0,21.0,2.0,1.0,1.0,1.0,1.0,,5.0,1.0,3.0,1.0,1.0,2.0,2.0,,16.0,,,,22.0,1.0,2.0,3.0,1.0
1.1996045990778508,2.0,1.0,,1.0,1.0,,1.0,3.0,1.0,1.0,,,2.0,,1.0,1.0,,1.0,,,,,25.0,1.0,21.0,2.0,1.0,1.0,1.0,1.0,,5.0,1.0,3.0,1.0,1.0,2.0,2.0,,16.0,,,,22.0,1.0,2.0,3.0,1.0
1.2195980090624816,2.0,1.0,1.0,2.0,,,,,,,,,1.0,,1.0,1.0,,1.0,,,,,1.0,1.0,,3.0,,4.0,6.0,3.0,,16.0,,,4.0,10.0,2.0,,,,,,,1.0,1.0,2.0,3.0,1.0
1.2315940550532603,2.0,1.0,1.0,,,1.0,2.0,2.0,,,,,,,1.0,1.0,,,,,,,31.0,1.0,42.0,3.0,,4.0,3.0,9.0,,12.0,,,,,2.0,,,,,,,1.0,1.0,2.0,3.0,1.0
1.2395914190471125,2.0,1.0,1.0,,,1.0,2.0,2.0,,,,,3.0,,1.0,1.0,,,,,,,31.0,1.0,42.0,3.0,,4.0,3.0,9.0,,12.0,,,,,2.0,,,,,,,1.0,1.0,2.0,3.0,1.0
1.2595848290317433,2.0,1.0,1.0,,,1.0,2.0,2.0,,,,,3.0,,1.0,1.0,,,,,,,31.0,1.0,42.0,3.0,,4.0,8.0,6.0,,3.0,,,1.0,18.0,2.0,1.0,,60.0,,,,2.0,1.0,2.0,3.0,1.0
1.2795782390163741,2.0,1.0,1.0,,,1.0,2.0,2.0,,,,,3.0,,1.0,1.0,,,,,,,31.0,1.0,42.0,3.0,,4.0,8.0,6.0,,3.0,,,1.0,1.0,2.0,1.0,,2.0,,,,2.0,1.0,,3.0,1.0
1.299571649001005,2.0,1.0,1.0,,,1.0,2.0,2.0,,,,,3.0,,1.0,1.0,,,,,,,31.0,1.0,42.0,3.0,,4.0,8.0,6.0,,3.0,,,1.0,1.0,2.0,1.0,,2.0,,,,,1.0,,3.0,1.0
1.3195650589856358,2.0,1.0,1.0,,,1.0,2.0,2.0,,,,,3.0,,1.0,1.0,,,,,,,31.0,1.0,42.0,3.0,,4.0,8.0,6.0,,3.0,,,1.0,1.0,2.0,1.0,,2.0,,,,,1.0,,3.0,1.0
