,1.0,2.0,2.9999999999999996,4.0,5.0,8.0,9.0,10.0,11.999999999999998,15.0,16.0,17.0,18.0,19.0,22.0,23.0,23.999999999999996,25.0,26.0,29.000000000000004,33.0,40.0,45.0,47.0,61.0,75.0,95.99999999999999,103.0,124.0,135.0,152.0,180.0,214.0,226.0,243.00000000000003,278.0,306.0,318.0,334.0,369.0,397.00000000000006,578.0,761.0,1125.0,1496.0
0.15994727987704677,34.0,4.0,4.0,7.0,1.0,2.0,1.0,1.0,2.0,2.0,1.0,1.0,2.0,1.0,6.0,1.0,15.0,1.0,1.0,1.0,2.0,,2.0,,9.0,1.0,25.0,0.0,2.0,14.0,3.0,15.0,2.0,,1.0,40.0,1.0,2.0,1.0,,3.0,0.0,1.0,2.0,3.0
0.1679446438708991,34.0,4.0,4.0,7.0,1.0,2.0,1.0,1.0,2.0,2.0,1.0,1.0,2.0,1.0,6.0,1.0,15.0,1.0,1.0,1.0,2.0,,2.0,,9.0,1.0,25.0,0.0,2.0,14.0,3.0,15.0,2.0,,1.0,40.0,1.0,2.0,1.0,,3.0,0.0,1.0,2.0,3.0
0.17594200786475145,34.0,4.0,4.0,7.0,1.0,2.0,1.0,1.0,2.0,2.0,1.0,1.0,2.0,1.0,6.0,1.0,15.0,1.0,1.0,1.0,1.0,,2.0,,9.0,1.0,25.0,0.0,2.0,14.0,3.0,15.0,2.0,,1.0,40.0,1.0,2.0,1.0,,3.0,0.0,1.0,2.0,3.0
0.1839393718586038,34.0,4.0,4.0,7.0,1.0,2.0,1.0,1.0,2.0,2.0,1.0,1.0,2.0,1.0,6.0,1.0,15.0,1.0,1.0,1.0,1.0,,2.0,,9.0,1.0,25.0,0.0,2.0,14.0,3.0,15.0,2.0,,1.0,40.0,1.0,2.0,1.0,,3.0,0.0,1.0,2.0,3.0
0.20393278184323463,34.0,4.0,4.0,7.0,1.0,2.0,1.0,1.0,2.0,2.0,1.0,1.0,2.0,1.0,6.0,1.0,15.0,1.0,1.0,1.0,1.0,,2.0,,9.0,1.0,25.0,0.0,2.0,14.0,3.0,15.0,2.0,,1.0,40.0,1.0,2.0,1.0,,3.0,0.0,1.0,2.0,3.0
0.2079314638401608,34.0,4.0,4.0,7.0,1.0,2.0,1.0,1.0,2.0,2.0,1.0,1.0,2.0,1.0,6.0,1.0,15.0,1.0,1.0,1.0,6.0,,2.0,,9.0,1.0,25.0,0.0,2.0,14.0,3.0,15.0,2.0,,1.0,40.0,1.0,2.0,1.0,,3.0,0.0,1.0,2.0,3.0
0.23992091981557018,34.0,4.0,4.0,7.0,1.0,2.0,1.0,1.0,2.0,2.0,1.0,1.0,2.0,1.0,6.0,1.0,15.0,1.0,1.0,1.0,2.0,,2.0,,9.0,1.0,25.0,0.0,2.0,14.0,3.0,15.0,2.0,,1.0,40.0,1.0,2.0,1.0,,3.0,0.0,1.0,2.0,3.0
0.259914329800201,34.0,4.0,4.0,7.0,1.0,2.0,1.0,1.0,2.0,2.0,1.0,1.0,2.0,1.0,6.0,1.0,15.0,1.0,1.0,1.0,6.0,,2.0,,9.0,1.0,25.0,0.0,2.0,14.0,3.0,15.0,2.0,,1.0,40.0,1.0,2.0,1.0,,3.0,0.0,1.0,2.0,3.0
0.2639130117971272,34.0,4.0,4.0,7.0,1.0,2.0,1.0,1.0,2.0,2.0,1.0,1.0,2.0,1.0,6.0,1.0,15.0,1.0,1.0,1.0,1.0,,2.0,,9.0,1.0,25.0,0.0,2.0,14.0,3.0,15.0,2.0,,1.0,40.0,1.0,2.0,1.0,,3.0,0.0,1.0,2.0,3.0
0.26791169379405333,34.0,4.0,4.0,7.0,1.0,2.0,1.0,1.0,2.0,2.0,1.0,1.0,2.0,1.0,6.0,1.0,15.0,1.0,1.0,1.0,1.0,,2.0,,9.0,1.0,25.0,0.0,2.0,14.0,3.0,15.0,2.0,,1.0,40.0,1.0,2.0,1.0,,3.0,0.0,1.0,2.0,3.0
0.27191037579097954,34.0,4.0,4.0,7.0,1.0,2.0,1.0,1.0,2.0,2.0,1.0,1.0,2.0,1.0,6.0,1.0,15.0,1.0,1.0,1.0,2.0,,2.0,,9.0,1.0,25.0,0.0,2.0,14.0,3.0,15.0,2.0,,1.0,40.0,1.0,2.0,1.0,,3.0,0.0,1.0,2.0,3.0
0.2759090577879057,34.0,4.0,4.0,7.0,1.0,2.0,1.0,1.0,2.0,2.0,1.0,1.0,2.0,1.0,6.0,1.0,15.0,1.0,1.0,1.0,1.0,,2.0,,9.0,1.0,25.0,0.0,2.0,14.0,3.0,15.0,2.0,,1.0,40.0,1.0,2.0,1.0,,3.0,0.0,1.0,2.0,3.0
0.27990773978483185,34.0,4.0,4.0,7.0,1.0,2.0,1.0,1.0,2.0,2.0,1.0,1.0,2.0,1.0,6.0,1.0,15.0,1.0,1.0,1.0,1.0,,2.0,,9.0,1.0,25.0,0.0,2.0,14.0,3.0,15.0,2.0,,1.0,40.0,1.0,2.0,1.0,,3.0,0.0,1.0,2.0,3.0
0.29590246777253654,34.0,4.0,4.0,7.0,1.0,2.0,1.0,1.0,2.0,2.0,1.0,1.0,2.0,1.0,6.0,1.0,15.0,1.0,1.0,1.0,12.0,,2.0,,9.0,1.0,25.0,0.0,2.0,14.0,3.0,15.0,2.0,,1.0,40.0,1.0,2.0,1.0,,3.0,0.0,1.0,2.0,3.0
0.3118971957602412,34.0,4.0,4.0,7.0,1.0,2.0,1.0,1.0,2.0,2.0,1.0,1.0,2.0,1.0,6.0,1.0,15.0,1.0,1.0,1.0,1.0,,2.0,,9.0,1.0,25.0,0.0,2.0,14.0,3.0,15.0,2.0,,1.0,40.0,1.0,2.0,1.0,,3.0,0.0,1.0,2.0,3.0
0.3358892877417982,34.0,4.0,4.0,7.0,1.0,2.0,1.0,1.0,2.0,2.0,1.0,1.0,2.0,1.0,6.0,1.0,15.0,1.0,1.0,1.0,8.0,,2.0,,9.0,1.0,25.0,0.0,2.0,14.0,3.0,15.0,2.0,,1.0,40.0,1.0,2.0,1.0,,3.0,0.0,1.0,2.0,3.0
0.3398879697387244,34.0,4.0,4.0,7.0,1.0,2.0,1.0,1.0,2.0,2.0,1.0,1.0,2.0,1.0,6.0,1.0,15.0,1.0,1.0,1.0,16.0,,2.0,,9.0,1.0,25.0,0.0,2.0,14.0,3.0,15.0,2.0,,1.0,40.0,1.0,2.0,1.0,,3.0,0.0,1.0,2.0,3.0
0.34788533373257674,34.0,4.0,4.0,7.0,1.0,2.0,1.0,1.0,2.0,2.0,1.0,1.0,2.0,1.0,6.0,1.0,15.0,1.0,1.0,1.0,1.0,,2.0,,9.0,1.0,25.0,0.0,2.0,14.0,3.0,15.0,2.0,,1.0,40.0,1.0,2.0,1.0,,3.0,0.0,1.0,2.0,3.0
0.3518840157295029,34.0,4.0,4.0,7.0,1.0,2.0,1.0,1.0,2.0,2.0,1.0,1.0,2.0,1.0,6.0,1.0,15.0,1.0,1.0,1.0,4.0,,2.0,,9.0,1.0,25.0,0.0,2.0,14.0,3.0,15.0,2.0,,1.0,40.0,1.0,2.0,1.0,,3.0,0.0,1.0,2.0,3.0
0.35988137972335527,34.0,4.0,4.0,7.0,1.0,2.0,1.0,1.0,2.0,2.0,1.0,1.0,2.0,1.0,6.0,1.0,15.0,1.0,1.0,1.0,1.0,,2.0,,9.0,1.0,25.0,0.0,2.0,14.0,3.0,15.0,2.0,,1.0,40.0,1.0,2.0,1.0,,3.0,0.0,1.0,2.0,3.0
0.3638800617202814,34.0,4.0,4.0,7.0,1.0,2.0,1.0,1.0,2.0,2.0,1.0,1.0,2.0,1.0,6.0,1.0,15.0,1.0,1.0,1.0,4.0,,2.0,,9.0,1.0,25.0,0.0,2.0,14.0,3.0,15.0,2.0,,1.0,40.0,1.0,2.0,1.0,,3.0,0.0,1.0,2.0,3.0
0.38387347170491226,34.0,4.0,4.0,7.0,1.0,2.0,1.0,1.0,2.0,2.0,1.0,1.0,2.0,1.0,6.0,1.0,15.0,1.0,1.0,1.0,4.0,,2.0,,9.0,1.0,25.0,0.0,2.0,14.0,3.0,15.0,2.0,,1.0,40.0,1.0,2.0,1.0,,3.0,0.0,1.0,2.0,3.0
0.40786556368646926,34.0,4.0,4.0,7.0,1.0,2.0,1.0,1.0,2.0,2.0,1.0,1.0,2.0,1.0,6.0,1.0,15.0,1.0,1.0,1.0,2.0,,2.0,,9.0,1.0,25.0,0.0,2.0,14.0,3.0,15.0,2.0,,1.0,40.0,1.0,2.0,1.0,,3.0,0.0,1.0,2.0,3.0
0.41186424568339547,34.0,4.0,4.0,7.0,1.0,2.0,1.0,1.0,2.0,2.0,1.0,1.0,2.0,1.0,6.0,1.0,15.0,1.0,1.0,1.0,2.0,,2.0,,9.0,1.0,25.0,0.0,2.0,14.0,3.0,15.0,2.0,,1.0,40.0,1.0,2.0,1.0,,3.0,0.0,1.0,2.0,3.0
0.4158629276803216,34.0,4.0,4.0,7.0,1.0,2.0,1.0,1.0,2.0,2.0,1.0,1.0,2.0,1.0,6.0,1.0,15.0,1.0,1.0,1.0,1.0,,2.0,,9.0,1.0,25.0,0.0,2.0,14.0,3.0,15.0,2.0,,1.0,40.0,1.0,2.0,1.0,,3.0,0.0,1.0,2.0,3.0
0.4198616096772478,34.0,4.0,4.0,7.0,1.0,2.0,1.0,1.0,2.0,2.0,1.0,1.0,2.0,1.0,6.0,1.0,15.0,1.0,1.0,1.0,1.0,,2.0,,9.0,1.0,25.0,0.0,2.0,14.0,3.0,15.0,2.0,,1.0,40.0,1.0,2.0,1.0,,3.0,0.0,1.0,2.0,3.0
0.42386029167417394,34.0,4.0,4.0,7.0,1.0,2.0,1.0,1.0,2.0,2.0,1.0,1.0,2.0,1.0,6.0,1.0,15.0,1.0,1.0,1.0,1.0,,2.0,,9.0,1.0,25.0,0.0,2.0,14.0,3.0,15.0,2.0,,1.0,40.0,1.0,2.0,1.0,,3.0,0.0,1.0,2.0,3.0
0.42785897367110015,34.0,4.0,4.0,7.0,1.0,2.0,1.0,1.0,2.0,2.0,1.0,1.0,2.0,1.0,6.0,1.0,15.0,1.0,1.0,1.0,4.0,,2.0,,9.0,1.0,25.0,0.0,2.0,14.0,3.0,15.0,2.0,,1.0,40.0,1.0,2.0,1.0,,3.0,0.0,1.0,2.0,3.0
0.4398550196618786,34.0,4.0,4.0,7.0,1.0,2.0,1.0,1.0,2.0,2.0,1.0,1.0,2.0,1.0,6.0,1.0,15.0,1.0,1.0,1.0,1.0,,2.0,,9.0,1.0,25.0,0.0,2.0,14.0,3.0,15.0,2.0,,1.0,40.0,1.0,2.0,1.0,,3.0,0.0,1.0,2.0,3.0
0.47984183963114035,34.0,4.0,4.0,7.0,1.0,2.0,1.0,1.0,2.0,2.0,1.0,1.0,2.0,1.0,6.0,1.0,15.0,1.0,1.0,1.0,2.0,,2.0,,9.0,1.0,25.0,0.0,2.0,14.0,3.0,15.0,2.0,,1.0,40.0,1.0,2.0,1.0,,3.0,0.0,1.0,2.0,3.0
0.4838405216280665,34.0,4.0,4.0,7.0,1.0,2.0,1.0,1.0,2.0,2.0,1.0,1.0,2.0,1.0,6.0,1.0,15.0,1.0,1.0,1.0,8.0,,2.0,,9.0,1.0,25.0,0.0,2.0,14.0,3.0,15.0,2.0,,1.0,40.0,1.0,2.0,1.0,,5.0,0.0,1.0,2.0,3.0
0.48783920362499267,34.0,4.0,4.0,7.0,1.0,2.0,1.0,1.0,2.0,2.0,1.0,1.0,2.0,1.0,6.0,1.0,15.0,1.0,1.0,1.0,2.0,,2.0,,9.0,1.0,25.0,0.0,2.0,14.0,3.0,15.0,2.0,,1.0,40.0,1.0,2.0,1.0,,1.0,0.0,1.0,2.0,3.0
0.495836567618845,34.0,4.0,4.0,7.0,1.0,2.0,1.0,1.0,2.0,2.0,1.0,1.0,2.0,1.0,6.0,1.0,15.0,1.0,1.0,1.0,2.0,,2.0,,9.0,1.0,25.0,0.0,2.0,14.0,3.0,15.0,2.0,,1.0,40.0,1.0,2.0,1.0,,1.0,0.0,1.0,2.0,3.0
0.4998352496157712,34.0,4.0,4.0,7.0,1.0,2.0,1.0,1.0,2.0,2.0,1.0,1.0,2.0,1.0,6.0,1.0,15.0,1.0,1.0,1.0,4.0,,2.0,,9.0,1.0,25.0,0.0,2.0,14.0,3.0,15.0,2.0,,1.0,40.0,1.0,2.0,1.0,,1.0,0.0,2.0,2.0,3.0
0.5038339316126973,34.0,4.0,4.0,7.0,1.0,2.0,1.0,1.0,2.0,2.0,1.0,1.0,2.0,1.0,6.0,1.0,15.0,1.0,1.0,1.0,2.0,,2.0,,9.0,1.0,25.0,0.0,6.0,14.0,3.0,15.0,2.0,,1.0,40.0,1.0,2.0,1.0,,2.0,0.0,2.0,2.0,3.0
0.5078326136096235,34.0,4.0,4.0,7.0,1.0,2.0,1.0,1.0,2.0,2.0,1.0,1.0,2.0,1.0,6.0,1.0,15.0,1.0,1.0,1.0,1.0,,2.0,,9.0,1.0,25.0,0.0,6.0,14.0,3.0,15.0,2.0,,1.0,40.0,1.0,2.0,1.0,,1.0,0.0,2.0,2.0,3.0
0.5118312956065497,34.0,4.0,4.0,7.0,1.0,2.0,1.0,1.0,2.0,2.0,1.0,1.0,2.0,1.0,6.0,1.0,15.0,1.0,1.0,1.0,2.0,,2.0,,9.0,1.0,25.0,0.0,6.0,14.0,3.0,15.0,2.0,,1.0,40.0,1.0,2.0,1.0,,6.0,0.0,1.0,2.0,3.0
0.5158299776034758,34.0,4.0,4.0,7.0,1.0,2.0,1.0,1.0,2.0,2.0,1.0,1.0,2.0,1.0,6.0,1.0,15.0,1.0,1.0,1.0,1.0,,2.0,,9.0,1.0,25.0,0.0,6.0,14.0,3.0,15.0,2.0,,1.0,40.0,1.0,2.0,1.0,,1.0,0.0,1.0,2.0,3.0
0.519828659600402,34.0,4.0,4.0,7.0,1.0,2.0,1.0,1.0,2.0,2.0,1.0,1.0,2.0,1.0,6.0,1.0,15.0,1.0,1.0,1.0,1.0,,2.0,,9.0,1.0,25.0,0.0,2.0,14.0,3.0,15.0,2.0,,1.0,40.0,1.0,2.0,1.0,,1.0,0.0,2.0,2.0,3.0
0.5238273415973282,34.0,4.0,4.0,7.0,1.0,2.0,1.0,1.0,2.0,2.0,1.0,1.0,2.0,1.0,6.0,1.0,15.0,1.0,1.0,1.0,28.0,,2.0,,9.0,1.0,25.0,0.0,2.0,14.0,3.0,15.0,2.0,,1.0,40.0,1.0,2.0,1.0,,,0.0,2.0,2.0,3.0
0.5278260235942543,34.0,4.0,4.0,7.0,1.0,2.0,1.0,1.0,2.0,2.0,1.0,1.0,2.0,1.0,6.0,1.0,15.0,1.0,1.0,1.0,1.0,,2.0,,9.0,1.0,25.0,0.0,,14.0,3.0,15.0,2.0,,1.0,40.0,1.0,2.0,1.0,,1.0,0.0,2.0,2.0,3.0
0.5398220695850329,34.0,4.0,4.0,7.0,1.0,2.0,1.0,1.0,2.0,2.0,1.0,1.0,2.0,1.0,6.0,1.0,15.0,1.0,1.0,1.0,1.0,,2.0,,9.0,1.0,25.0,0.0,8.0,14.0,3.0,15.0,2.0,,1.0,40.0,1.0,2.0,1.0,,1.0,0.0,2.0,2.0,3.0
0.5438207515819591,34.0,4.0,4.0,7.0,3.0,2.0,1.0,1.0,2.0,2.0,1.0,1.0,2.0,1.0,6.0,1.0,15.0,1.0,1.0,1.0,2.0,,2.0,,9.0,1.0,25.0,0.0,1.0,14.0,3.0,15.0,2.0,,1.0,40.0,1.0,2.0,1.0,,1.0,0.0,2.0,2.0,3.0
0.5478194335788852,34.0,4.0,4.0,7.0,3.0,2.0,1.0,1.0,2.0,2.0,1.0,1.0,2.0,1.0,6.0,1.0,15.0,1.0,1.0,1.0,5.0,,2.0,,9.0,1.0,25.0,0.0,1.0,14.0,3.0,15.0,2.0,,1.0,40.0,1.0,2.0,1.0,,1.0,0.0,2.0,2.0,3.0
0.5518181155758114,34.0,4.0,4.0,7.0,3.0,2.0,1.0,1.0,2.0,2.0,1.0,1.0,2.0,1.0,6.0,1.0,15.0,1.0,1.0,1.0,1.0,,2.0,,9.0,1.0,25.0,0.0,12.0,14.0,3.0,15.0,1.0,,1.0,40.0,1.0,2.0,1.0,,1.0,0.0,1.0,2.0,3.0
0.5558167975727375,34.0,4.0,4.0,7.0,3.0,2.0,1.0,1.0,2.0,2.0,1.0,1.0,2.0,1.0,6.0,1.0,15.0,1.0,1.0,1.0,3.0,,2.0,,9.0,1.0,25.0,0.0,12.0,14.0,3.0,15.0,1.0,,1.0,40.0,1.0,2.0,1.0,,1.0,0.0,1.0,2.0,3.0
0.5598154795696637,34.0,4.0,4.0,7.0,1.0,2.0,1.0,1.0,2.0,2.0,1.0,1.0,2.0,1.0,6.0,1.0,15.0,1.0,1.0,1.0,2.0,,2.0,,9.0,1.0,25.0,0.0,1.0,14.0,3.0,15.0,1.0,,1.0,40.0,1.0,2.0,1.0,,1.0,0.0,5.0,2.0,3.0
0.567812843563516,34.0,4.0,4.0,7.0,2.0,2.0,1.0,1.0,2.0,2.0,1.0,1.0,2.0,1.0,6.0,1.0,15.0,1.0,1.0,1.0,1.0,,,,9.0,1.0,2.0,0.0,2.0,,3.0,15.0,,,1.0,40.0,1.0,2.0,1.0,,1.0,0.0,1.0,2.0,3.0
0.5758102075573684,34.0,4.0,4.0,7.0,4.0,2.0,1.0,1.0,2.0,2.0,1.0,1.0,2.0,1.0,6.0,1.0,15.0,1.0,1.0,1.0,2.0,,,,2.0,1.0,1.0,0.0,149.0,,3.0,15.0,2.0,,1.0,40.0,1.0,2.0,1.0,,1.0,0.0,2.0,2.0,3.0
0.5798088895542945,34.0,4.0,4.0,7.0,4.0,2.0,1.0,1.0,2.0,2.0,1.0,1.0,2.0,1.0,6.0,1.0,15.0,1.0,1.0,1.0,1.0,,,,2.0,1.0,1.0,0.0,149.0,,3.0,15.0,2.0,,1.0,40.0,1.0,2.0,1.0,,1.0,0.0,2.0,2.0,3.0
0.5838075715512208,34.0,4.0,4.0,7.0,16.0,2.0,1.0,1.0,2.0,2.0,1.0,1.0,2.0,1.0,6.0,1.0,15.0,1.0,1.0,1.0,1.0,,1.0,,2.0,1.0,11.0,0.0,4.0,,3.0,15.0,1.0,,1.0,40.0,1.0,2.0,1.0,,1.0,0.0,,2.0,3.0
0.5878062535481469,34.0,4.0,4.0,7.0,16.0,2.0,1.0,1.0,2.0,2.0,1.0,1.0,2.0,1.0,6.0,1.0,15.0,1.0,1.0,1.0,4.0,,1.0,,5.0,1.0,11.0,0.0,4.0,1.0,3.0,15.0,1.0,,1.0,40.0,1.0,2.0,1.0,,,0.0,,2.0,3.0
0.5918049355450731,34.0,4.0,4.0,7.0,1.0,2.0,1.0,1.0,2.0,2.0,1.0,1.0,2.0,1.0,6.0,1.0,15.0,1.0,1.0,1.0,5.0,,1.0,,5.0,1.0,2.0,0.0,1.0,1.0,3.0,15.0,23.0,,1.0,40.0,1.0,2.0,1.0,,2.0,0.0,,2.0,3.0
0.5958036175419993,34.0,4.0,4.0,7.0,1.0,2.0,1.0,1.0,2.0,2.0,1.0,1.0,2.0,1.0,6.0,1.0,15.0,1.0,1.0,1.0,15.0,,1.0,,5.0,1.0,2.0,0.0,1.0,1.0,3.0,15.0,23.0,,1.0,40.0,1.0,2.0,1.0,,1.0,0.0,6.0,2.0,3.0
0.5998022995389254,34.0,4.0,4.0,7.0,14.0,2.0,1.0,1.0,2.0,2.0,1.0,1.0,2.0,1.0,6.0,1.0,15.0,1.0,1.0,1.0,1.0,,2.0,,1.0,1.0,1.0,0.0,7.0,1.0,3.0,15.0,1.0,,1.0,40.0,1.0,2.0,1.0,,1.0,0.0,6.0,2.0,3.0
0.6077996635327777,34.0,4.0,4.0,7.0,22.0,2.0,1.0,1.0,2.0,2.0,1.0,1.0,2.0,1.0,6.0,1.0,15.0,1.0,1.0,1.0,2.0,,2.0,,2.0,1.0,1.0,0.0,,,3.0,,,,1.0,40.0,1.0,2.0,1.0,,,0.0,,2.0,3.0
0.6157970275266301,34.0,4.0,4.0,7.0,20.0,2.0,1.0,1.0,2.0,2.0,1.0,1.0,2.0,1.0,6.0,1.0,15.0,1.0,1.0,1.0,1.0,,2.0,,2.0,1.0,,0.0,2.0,,3.0,1.0,3.0,,1.0,40.0,21.0,2.0,1.0,,1.0,0.0,4.0,2.0,3.0
0.6197957095235562,34.0,4.0,4.0,7.0,20.0,2.0,1.0,1.0,2.0,2.0,1.0,1.0,2.0,1.0,6.0,1.0,15.0,1.0,1.0,1.0,2.0,,1.0,,,1.0,,0.0,6.0,,3.0,1.0,3.0,,1.0,40.0,21.0,2.0,1.0,,2.0,0.0,4.0,2.0,3.0
0.6237943915204824,34.0,4.0,4.0,7.0,2.0,2.0,1.0,1.0,2.0,2.0,1.0,1.0,2.0,1.0,6.0,1.0,15.0,1.0,1.0,1.0,2.0,,1.0,,,1.0,,0.0,2.0,2.0,3.0,1.0,,,1.0,40.0,21.0,2.0,1.0,,2.0,0.0,,1.0,1.0
0.6317917555143348,34.0,4.0,4.0,7.0,1.0,2.0,1.0,1.0,2.0,2.0,1.0,1.0,2.0,1.0,6.0,1.0,15.0,1.0,1.0,1.0,1.0,,1.0,,5.0,1.0,,0.0,1.0,,3.0,1.0,1.0,,1.0,40.0,3.0,2.0,1.0,,3.0,0.0,,1.0,1.0
0.6397891195081871,34.0,4.0,4.0,7.0,5.0,2.0,1.0,1.0,2.0,2.0,1.0,1.0,2.0,1.0,6.0,1.0,15.0,1.0,1.0,1.0,50.0,,2.0,,18.0,1.0,,0.0,7.0,4.0,3.0,1.0,1.0,,1.0,40.0,3.0,2.0,1.0,,2.0,0.0,2.0,1.0,1.0
0.6437878015051133,34.0,4.0,4.0,7.0,5.0,2.0,1.0,1.0,2.0,2.0,1.0,1.0,2.0,1.0,6.0,1.0,15.0,1.0,1.0,1.0,4.0,,2.0,,4.0,1.0,,0.0,,4.0,3.0,1.0,5.0,,1.0,40.0,3.0,2.0,1.0,,1.0,0.0,2.0,1.0,1.0
0.6517851654989656,34.0,4.0,4.0,7.0,1.0,2.0,1.0,1.0,2.0,2.0,1.0,1.0,2.0,1.0,6.0,1.0,15.0,1.0,1.0,1.0,11.0,,,,11.0,1.0,2.0,0.0,,4.0,3.0,,,,1.0,40.0,2.0,2.0,1.0,,7.0,0.0,2.0,1.0,
0.6597825294928179,34.0,4.0,4.0,7.0,2.0,2.0,1.0,1.0,2.0,2.0,1.0,1.0,2.0,1.0,6.0,1.0,15.0,1.0,1.0,1.0,1.0,,20.0,,6.0,1.0,1.0,0.0,3.0,2.0,3.0,,3.0,,1.0,40.0,2.0,2.0,1.0,,1.0,0.0,,1.0,
0.6637812114897441,34.0,4.0,4.0,7.0,4.0,2.0,1.0,1.0,2.0,2.0,1.0,1.0,2.0,1.0,6.0,1.0,15.0,1.0,1.0,1.0,3.0,,10.0,,2.0,1.0,1.0,0.0,10.0,2.0,3.0,,,,1.0,40.0,2.0,2.0,1.0,,1.0,0.0,,1.0,
0.6677798934866703,34.0,4.0,4.0,7.0,4.0,2.0,1.0,1.0,2.0,2.0,1.0,1.0,2.0,1.0,6.0,1.0,15.0,1.0,1.0,1.0,6.0,,10.0,,3.0,1.0,1.0,0.0,,2.0,3.0,,3.0,,1.0,40.0,2.0,2.0,1.0,,1.0,0.0,,1.0,
0.6717785754835964,34.0,4.0,4.0,7.0,1.0,2.0,1.0,1.0,2.0,2.0,1.0,1.0,2.0,1.0,6.0,1.0,15.0,1.0,1.0,1.0,1.0,,10.0,,2.0,1.0,7.0,0.0,,2.0,3.0,,3.0,,1.0,40.0,3.0,2.0,1.0,,,0.0,,1.0,
0.6757772574805226,34.0,4.0,4.0,7.0,1.0,2.0,1.0,1.0,2.0,2.0,1.0,1.0,2.0,1.0,6.0,1.0,15.0,1.0,1.0,1.0,4.0,,2.0,,1.0,1.0,7.0,0.0,,2.0,3.0,,3.0,,1.0,40.0,3.0,2.0,1.0,,3.0,0.0,77.0,1.0,
0.6797759394774489,34.0,4.0,4.0,7.0,1.0,2.0,1.0,1.0,2.0,2.0,1.0,1.0,2.0,1.0,6.0,1.0,15.0,1.0,1.0,1.0,1.0,,2.0,,5.0,1.0,5.0,0.0,4.0,2.0,3.0,,3.0,,1.0,40.0,3.0,2.0,1.0,,3.0,0.0,77.0,1.0,
0.683774621474375,34.0,4.0,4.0,7.0,1.0,2.0,1.0,1.0,2.0,2.0,1.0,1.0,2.0,1.0,6.0,1.0,15.0,1.0,1.0,1.0,4.0,,2.0,,1.0,1.0,5.0,0.0,2.0,2.0,3.0,,3.0,,1.0,40.0,3.0,2.0,1.0,,3.0,0.0,77.0,1.0,
0.6877733034713012,34.0,4.0,4.0,7.0,1.0,2.0,1.0,1.0,2.0,2.0,1.0,1.0,2.0,1.0,6.0,1.0,15.0,1.0,1.0,1.0,4.0,,2.0,,1.0,1.0,4.0,0.0,2.0,3.0,3.0,,3.0,,1.0,40.0,3.0,2.0,1.0,,1.0,0.0,77.0,1.0,
0.6917719854682273,34.0,4.0,4.0,7.0,1.0,2.0,1.0,1.0,2.0,2.0,1.0,1.0,2.0,1.0,6.0,1.0,15.0,1.0,1.0,1.0,4.0,,12.0,,1.0,1.0,4.0,0.0,1.0,3.0,3.0,1.0,2.0,,1.0,40.0,2.0,2.0,1.0,,1.0,0.0,1.0,,
0.6957706674651535,34.0,4.0,4.0,7.0,4.0,2.0,1.0,1.0,2.0,2.0,1.0,1.0,2.0,1.0,6.0,1.0,15.0,1.0,1.0,1.0,1.0,,12.0,,2.0,1.0,1.0,0.0,1.0,1.0,3.0,1.0,2.0,,1.0,40.0,2.0,2.0,1.0,,2.0,0.0,1.0,,
0.6997693494620797,34.0,4.0,4.0,7.0,2.0,2.0,1.0,1.0,2.0,2.0,1.0,1.0,2.0,1.0,6.0,1.0,15.0,1.0,1.0,1.0,6.0,,12.0,,1.0,1.0,1.0,0.0,2.0,1.0,3.0,1.0,2.0,,1.0,40.0,2.0,2.0,1.0,,1.0,0.0,1.0,,
0.7037680314590058,34.0,4.0,4.0,7.0,1.0,2.0,1.0,1.0,2.0,2.0,1.0,1.0,2.0,1.0,6.0,1.0,15.0,1.0,1.0,1.0,1.0,,12.0,,3.0,1.0,5.0,0.0,2.0,,3.0,1.0,2.0,,1.0,40.0,2.0,2.0,1.0,,2.0,0.0,1.0,,
0.707766713455932,34.0,4.0,4.0,7.0,1.0,2.0,1.0,1.0,2.0,2.0,1.0,1.0,2.0,1.0,6.0,1.0,15.0,1.0,1.0,1.0,3.0,,12.0,,11.0,1.0,5.0,0.0,6.0,,3.0,4.0,3.0,,1.0,40.0,2.0,2.0,1.0,,,0.0,1.0,,
0.7117653954528581,34.0,4.0,4.0,7.0,2.0,2.0,1.0,1.0,2.0,2.0,1.0,1.0,2.0,1.0,6.0,1.0,15.0,1.0,1.0,1.0,1.0,,2.0,,1.0,1.0,5.0,0.0,2.0,,3.0,4.0,3.0,,1.0,40.0,3.0,2.0,1.0,,,0.0,10.0,,
0.7157640774497843,34.0,4.0,4.0,7.0,2.0,2.0,1.0,1.0,2.0,2.0,1.0,1.0,2.0,1.0,6.0,1.0,15.0,1.0,1.0,1.0,1.0,,2.0,,3.0,1.0,5.0,0.0,1.0,2.0,3.0,,2.0,,1.0,40.0,3.0,2.0,1.0,,,0.0,10.0,,
0.7197627594467105,34.0,4.0,4.0,7.0,1.0,2.0,1.0,1.0,2.0,2.0,1.0,1.0,2.0,1.0,6.0,1.0,15.0,1.0,1.0,1.0,3.0,,2.0,,1.0,1.0,1.0,0.0,1.0,4.0,5.0,8.0,2.0,,1.0,40.0,3.0,2.0,1.0,,3.0,0.0,10.0,,
0.7237614414436366,34.0,4.0,4.0,7.0,1.0,2.0,1.0,1.0,2.0,2.0,1.0,1.0,2.0,1.0,6.0,1.0,15.0,1.0,1.0,1.0,3.0,,2.0,,9.0,1.0,2.0,0.0,2.0,4.0,5.0,1.0,1.0,,1.0,40.0,3.0,2.0,1.0,,1.0,0.0,10.0,,
0.7277601234405628,34.0,4.0,4.0,7.0,10.0,2.0,1.0,1.0,2.0,2.0,1.0,1.0,2.0,1.0,6.0,1.0,15.0,1.0,1.0,1.0,2.0,,2.0,,4.0,1.0,,0.0,15.0,,5.0,1.0,6.0,,1.0,40.0,3.0,2.0,1.0,,8.0,0.0,2.0,,
0.7317588054374891,34.0,4.0,4.0,7.0,4.0,2.0,1.0,1.0,1.0,2.0,1.0,1.0,2.0,1.0,6.0,1.0,15.0,1.0,1.0,1.0,7.0,,4.0,,2.0,1.0,5.0,0.0,3.0,,,1.0,3.0,,1.0,40.0,3.0,2.0,1.0,,1.0,0.0,2.0,,
0.7357574874344152,34.0,4.0,4.0,7.0,8.0,2.0,1.0,1.0,1.0,2.0,1.0,1.0,2.0,1.0,6.0,1.0,15.0,1.0,1.0,1.0,11.0,,4.0,,1.0,1.0,4.0,0.0,4.0,,,,4.0,,1.0,40.0,3.0,2.0,1.0,,1.0,0.0,2.0,,
0.7397561694313414,34.0,4.0,4.0,7.0,2.0,2.0,1.0,1.0,1.0,2.0,1.0,1.0,2.0,1.0,6.0,1.0,15.0,1.0,1.0,1.0,1.0,,15.0,,12.0,1.0,1.0,0.0,1.0,,1.0,,1.0,,1.0,40.0,3.0,2.0,1.0,,3.0,0.0,1.0,,
0.7437548514282675,34.0,4.0,4.0,7.0,1.0,2.0,1.0,1.0,1.0,2.0,1.0,1.0,2.0,1.0,6.0,1.0,15.0,1.0,1.0,1.0,5.0,,2.0,,8.0,1.0,1.0,0.0,2.0,,1.0,,5.0,,1.0,40.0,3.0,2.0,1.0,,1.0,0.0,3.0,,
0.7477535334251937,34.0,4.0,4.0,7.0,1.0,2.0,1.0,1.0,1.0,2.0,1.0,1.0,2.0,1.0,6.0,1.0,15.0,1.0,1.0,1.0,20.0,,2.0,,5.0,1.0,8.0,0.0,1.0,,1.0,,,,1.0,40.0,3.0,2.0,1.0,,,0.0,3.0,,
0.7517522154221199,34.0,4.0,4.0,7.0,1.0,2.0,1.0,1.0,1.0,2.0,1.0,1.0,2.0,,6.0,1.0,15.0,1.0,1.0,1.0,1.0,,1.0,,3.0,1.0,3.0,0.0,1.0,3.0,,,1.0,,1.0,40.0,4.0,2.0,1.0,,1.0,0.0,1.0,1.0,
0.755750897419046,34.0,4.0,4.0,7.0,4.0,2.0,1.0,1.0,1.0,2.0,1.0,1.0,2.0,,6.0,1.0,15.0,1.0,1.0,1.0,26.0,,1.0,,1.0,1.0,1.0,0.0,1.0,3.0,,,15.0,,1.0,40.0,4.0,2.0,1.0,,10.0,0.0,1.0,1.0,
0.7597495794159722,34.0,4.0,4.0,7.0,1.0,2.0,1.0,1.0,1.0,2.0,1.0,1.0,2.0,,6.0,1.0,15.0,1.0,1.0,1.0,6.0,,1.0,,1.0,1.0,2.0,0.0,11.0,1.0,4.0,1.0,3.0,,1.0,40.0,4.0,2.0,1.0,,6.0,0.0,1.0,1.0,
0.7637482614128983,34.0,4.0,4.0,7.0,5.0,2.0,1.0,1.0,1.0,2.0,1.0,1.0,2.0,,6.0,1.0,15.0,1.0,1.0,1.0,41.0,2.0,1.0,,6.0,1.0,1.0,0.0,2.0,1.0,1.0,,1.0,,1.0,40.0,4.0,2.0,1.0,,6.0,0.0,1.0,1.0,
0.7677469434098245,34.0,4.0,4.0,7.0,5.0,2.0,1.0,1.0,1.0,2.0,1.0,1.0,2.0,,6.0,1.0,15.0,1.0,1.0,1.0,1.0,2.0,2.0,,5.0,1.0,12.0,0.0,4.0,1.0,1.0,,1.0,,1.0,40.0,4.0,2.0,1.0,,1.0,0.0,,1.0,
0.7717456254067507,34.0,4.0,4.0,7.0,6.0,2.0,1.0,1.0,1.0,2.0,1.0,1.0,2.0,,6.0,1.0,15.0,1.0,1.0,1.0,4.0,2.0,2.0,,1.0,1.0,6.0,0.0,4.0,1.0,,1.0,5.0,,1.0,40.0,2.0,2.0,1.0,,1.0,0.0,,,
0.7757443074036768,34.0,4.0,4.0,7.0,4.0,2.0,1.0,1.0,1.0,2.0,1.0,1.0,2.0,,6.0,1.0,15.0,1.0,1.0,1.0,1.0,2.0,2.0,,1.0,1.0,5.0,0.0,1.0,1.0,2.0,1.0,,,1.0,40.0,2.0,2.0,1.0,,,0.0,,,
0.779742989400603,34.0,4.0,4.0,7.0,1.0,2.0,1.0,1.0,1.0,2.0,1.0,1.0,2.0,,6.0,1.0,15.0,1.0,1.0,1.0,1.0,2.0,1.0,,3.0,1.0,1.0,0.0,1.0,2.0,10.0,1.0,,,1.0,40.0,2.0,2.0,1.0,,2.0,0.0,2.0,,
0.7837416713975293,34.0,4.0,4.0,7.0,1.0,2.0,1.0,1.0,1.0,2.0,1.0,1.0,2.0,,6.0,1.0,15.0,1.0,3.0,1.0,1.0,2.0,1.0,,3.0,1.0,14.0,0.0,2.0,1.0,,1.0,14.0,,1.0,40.0,2.0,2.0,1.0,,4.0,0.0,2.0,,
0.7877403533944554,34.0,4.0,4.0,7.0,1.0,2.0,1.0,1.0,1.0,2.0,1.0,1.0,2.0,,6.0,1.0,15.0,1.0,3.0,1.0,15.0,2.0,1.0,,3.0,1.0,6.0,0.0,1.0,,1.0,1.0,3.0,,1.0,40.0,2.0,2.0,1.0,,1.0,0.0,,,
0.7917390353913816,34.0,4.0,4.0,7.0,1.0,2.0,1.0,1.0,2.0,2.0,1.0,1.0,2.0,1.0,6.0,1.0,15.0,1.0,3.0,1.0,4.0,2.0,1.0,,1.0,1.0,1.0,0.0,1.0,,3.0,,2.0,,,6.0,3.0,2.0,1.0,,1.0,0.0,,2.0,
0.7957377173883077,34.0,4.0,4.0,7.0,5.0,2.0,1.0,1.0,2.0,2.0,1.0,1.0,2.0,1.0,6.0,1.0,15.0,1.0,3.0,1.0,6.0,2.0,2.0,,1.0,1.0,1.0,0.0,2.0,2.0,2.0,,4.0,,,6.0,3.0,2.0,1.0,,50.0,0.0,,2.0,
0.7997363993852339,34.0,4.0,4.0,7.0,1.0,2.0,1.0,1.0,2.0,2.0,1.0,1.0,2.0,1.0,6.0,1.0,15.0,1.0,3.0,1.0,6.0,2.0,1.0,,1.0,1.0,1.0,0.0,2.0,1.0,6.0,2.0,4.0,,,6.0,3.0,2.0,1.0,,50.0,0.0,4.0,2.0,
0.8037350813821601,34.0,4.0,4.0,7.0,8.0,2.0,1.0,1.0,1.0,2.0,1.0,1.0,2.0,1.0,6.0,1.0,15.0,1.0,3.0,1.0,4.0,2.0,1.0,,1.0,1.0,1.0,0.0,4.0,,,1.0,3.0,,,6.0,3.0,2.0,1.0,,3.0,0.0,4.0,2.0,
0.8077337633790862,34.0,4.0,4.0,7.0,1.0,2.0,1.0,1.0,1.0,2.0,1.0,1.0,2.0,1.0,6.0,1.0,15.0,1.0,3.0,1.0,4.0,2.0,1.0,,9.0,1.0,1.0,0.0,2.0,,1.0,1.0,2.0,,,6.0,3.0,2.0,1.0,,3.0,0.0,4.0,2.0,
0.8117324453760124,10.0,4.0,4.0,3.0,1.0,2.0,1.0,1.0,1.0,2.0,1.0,1.0,2.0,2.0,6.0,1.0,15.0,1.0,,1.0,3.0,2.0,1.0,,2.0,,1.0,0.0,2.0,1.0,1.0,1.0,2.0,,,6.0,,2.0,1.0,,2.0,0.0,2.0,2.0,
0.8157311273729385,10.0,4.0,4.0,3.0,1.0,2.0,1.0,1.0,1.0,2.0,1.0,1.0,2.0,2.0,6.0,1.0,15.0,1.0,,1.0,4.0,2.0,1.0,,4.0,,1.0,0.0,3.0,1.0,1.0,,,,,6.0,,2.0,1.0,,39.0,0.0,2.0,2.0,
0.8197298093698647,10.0,4.0,4.0,3.0,1.0,2.0,1.0,1.0,1.0,2.0,1.0,1.0,2.0,2.0,6.0,1.0,15.0,1.0,,1.0,1.0,1.0,1.0,,1.0,,,0.0,6.0,1.0,,,88.0,,,6.0,,2.0,1.0,,4.0,0.0,2.0,2.0,
0.8237284913667909,10.0,6.0,4.0,3.0,4.0,2.0,1.0,1.0,1.0,2.0,1.0,1.0,2.0,1.0,6.0,1.0,15.0,1.0,,1.0,7.0,1.0,1.0,,23.0,3.0,,0.0,1.0,1.0,1.0,1.0,4.0,,3.0,6.0,,2.0,1.0,,2.0,0.0,,,1.0
0.827727173363717,10.0,6.0,4.0,3.0,3.0,2.0,1.0,1.0,2.0,2.0,1.0,1.0,2.0,,6.0,1.0,15.0,1.0,,1.0,13.0,1.0,1.0,,9.0,3.0,,0.0,2.0,,1.0,1.0,4.0,,3.0,6.0,,2.0,1.0,,3.0,0.0,4.0,,1.0
0.8317258553606433,23.0,6.0,4.0,4.0,3.0,1.0,1.0,1.0,2.0,2.0,1.0,1.0,2.0,,6.0,1.0,15.0,1.0,1.0,1.0,2.0,1.0,1.0,,8.0,3.0,,0.0,2.0,,,1.0,4.0,,3.0,2.0,,2.0,1.0,,1.0,0.0,,,1.0
0.8357245373575694,23.0,6.0,4.0,4.0,2.0,1.0,1.0,1.0,1.0,2.0,1.0,1.0,2.0,1.0,6.0,1.0,15.0,1.0,1.0,1.0,1.0,1.0,2.0,,6.0,,4.0,0.0,25.0,,,2.0,6.0,,3.0,2.0,,2.0,1.0,,4.0,0.0,8.0,,1.0
0.8397232193544956,23.0,6.0,4.0,4.0,3.0,1.0,1.0,1.0,1.0,2.0,1.0,1.0,2.0,100.0,6.0,1.0,15.0,1.0,1.0,1.0,2.0,1.0,1.0,,1.0,1.0,1.0,0.0,7.0,1.0,,2.0,2.0,,3.0,2.0,2.0,2.0,1.0,,8.0,0.0,2.0,,1.0
0.8437219013514218,23.0,6.0,4.0,4.0,1.0,1.0,1.0,1.0,1.0,2.0,1.0,1.0,2.0,3.0,6.0,1.0,15.0,1.0,1.0,1.0,1.0,1.0,2.0,,1.0,1.0,1.0,0.0,9.0,,1.0,5.0,2.0,,3.0,2.0,2.0,2.0,1.0,,8.0,0.0,6.0,,1.0
0.8477205833483479,23.0,6.0,4.0,4.0,,1.0,1.0,1.0,6.0,2.0,1.0,1.0,2.0,1.0,6.0,1.0,15.0,1.0,1.0,1.0,4.0,1.0,1.0,,1.0,1.0,,0.0,1.0,,1.0,1.0,2.0,,3.0,2.0,,2.0,1.0,,28.0,0.0,,,1.0
0.8517192653452741,4.0,6.0,1.0,1.0,2.0,1.0,1.0,1.0,2.0,,1.0,,2.0,1.0,6.0,1.0,15.0,1.0,1.0,1.0,21.0,1.0,1.0,,1.0,1.0,,0.0,3.0,,,,2.0,,6.0,2.0,,2.0,1.0,,12.0,0.0,,,
0.8557179473422003,4.0,6.0,1.0,1.0,1.0,1.0,1.0,1.0,10.0,,1.0,,2.0,5.0,6.0,1.0,15.0,1.0,1.0,1.0,1.0,1.0,1.0,,2.0,1.0,1.0,0.0,2.0,,,,2.0,,6.0,2.0,2.0,2.0,1.0,,,0.0,,,
0.8597166293391264,4.0,6.0,1.0,1.0,16.0,1.0,1.0,1.0,1.0,,1.0,,2.0,2.0,6.0,1.0,15.0,1.0,1.0,1.0,5.0,1.0,1.0,,5.0,,5.0,0.0,1.0,,,1.0,6.0,,1.0,2.0,4.0,2.0,1.0,,,0.0,,,
0.8637153113360526,4.0,,1.0,1.0,3.0,1.0,1.0,1.0,1.0,,1.0,,2.0,1.0,6.0,1.0,15.0,1.0,,1.0,10.0,1.0,2.0,,1.0,,,0.0,1.0,,1.0,2.0,5.0,,1.0,2.0,1.0,2.0,1.0,,3.0,0.0,,,
0.8677139933329787,4.0,,1.0,1.0,1.0,1.0,1.0,1.0,2.0,,1.0,,2.0,1.0,6.0,1.0,15.0,1.0,,1.0,1.0,1.0,2.0,,1.0,,1.0,0.0,4.0,,1.0,1.0,5.0,,27.0,2.0,,2.0,1.0,,3.0,0.0,,,
0.8707130048306734,32.0,,1.0,2.0,1.0,1.0,,250.0,2.0,,,,2.0,5.0,6.0,1.0,15.0,1.0,,1.0,3.0,1.0,2.0,,1.0,,1.0,0.0,4.0,,2.0,1.0,1.0,,27.0,,,2.0,1.0,,3.0,0.0,,,1.0
0.8717126753299049,32.0,,1.0,2.0,1.0,1.0,,250.0,2.0,,,,2.0,5.0,6.0,1.0,15.0,1.0,,1.0,3.0,1.0,4.0,,1.0,,1.0,0.0,4.0,,2.0,1.0,1.0,,27.0,,,2.0,1.0,,3.0,0.0,,,1.0
0.8757113573268311,32.0,,1.0,2.0,6.0,1.0,,250.0,1.0,,,,2.0,2.0,6.0,1.0,15.0,1.0,,1.0,1.0,1.0,1.0,,1.0,,,0.0,1.0,1.0,2.0,,1.0,,27.0,,4.0,2.0,1.0,,4.0,0.0,,,1.0
0.8797100393237572,32.0,,1.0,2.0,1.0,1.0,,250.0,3.0,,,,2.0,6.0,6.0,1.0,15.0,1.0,1.0,1.0,16.0,1.0,10.0,,2.0,58.0,6.0,0.0,2.0,1.0,4.0,4.0,2.0,,,,5.0,2.0,1.0,,2.0,0.0,2.0,,1.0
0.8837087213206835,32.0,,1.0,2.0,2.0,1.0,,250.0,1.0,,,,2.0,2.0,6.0,1.0,15.0,1.0,1.0,1.0,14.0,1.0,1.0,,2.0,1.0,3.0,0.0,1.0,1.0,4.0,,2.0,,,,3.0,2.0,1.0,,4.0,0.0,2.0,,1.0
0.8877074033176096,32.0,,1.0,2.0,1.0,1.0,2.0,250.0,1.0,,,,2.0,5.0,6.0,1.0,15.0,1.0,1.0,1.0,13.0,1.0,2.0,,1.0,,5.0,0.0,2.0,3.0,4.0,,2.0,,,,13.0,2.0,1.0,,1.0,0.0,,,1.0
0.8917060853145358,2.0,1.0,1.0,6.0,64.0,1.0,1.0,250.0,52.0,,,,2.0,2.0,6.0,1.0,15.0,1.0,1.0,1.0,8.0,1.0,2.0,,1.0,1.0,1.0,0.0,2.0,,,7.0,2.0,,,,3.0,2.0,1.0,,1.0,0.0,,,1.0
0.895704767311462,2.0,1.0,1.0,6.0,14.0,1.0,2.0,250.0,1.0,,,,2.0,5.0,6.0,1.0,15.0,1.0,1.0,1.0,26.0,1.0,1.0,,2.0,1.0,10.0,0.0,6.0,,,7.0,1.0,,,,3.0,2.0,1.0,,,0.0,3.0,,1.0
0.8997034493083881,28.0,3.0,1.0,5.0,9.0,1.0,12.0,250.0,5.0,,,,2.0,1.0,6.0,1.0,15.0,1.0,1.0,1.0,1.0,1.0,15.0,,5.0,,1.0,0.0,2.0,1.0,,3.0,3.0,,,,3.0,2.0,,,2.0,0.0,1.0,,1.0
0.9027024608060827,28.0,3.0,1.0,5.0,3.0,1.0,12.0,5.0,,2.0,,,2.0,2.0,6.0,1.0,15.0,1.0,,1.0,2.0,3.0,2.0,,4.0,1.0,2.0,0.0,2.0,1.0,,3.0,1.0,,,,1.0,2.0,,,3.0,0.0,1.0,,1.0
0.9037021313053143,28.0,3.0,1.0,5.0,9.0,1.0,12.0,5.0,15.0,2.0,,,2.0,3.0,6.0,1.0,15.0,1.0,,1.0,1.0,3.0,1.0,,4.0,1.0,2.0,0.0,2.0,1.0,,3.0,1.0,,,,1.0,2.0,,,3.0,0.0,1.0,,1.0
0.9047018018045458,28.0,3.0,1.0,5.0,1.0,1.0,12.0,5.0,15.0,2.0,,,2.0,,6.0,1.0,15.0,1.0,,1.0,1.0,3.0,1.0,,4.0,1.0,2.0,0.0,2.0,1.0,,3.0,1.0,,,,1.0,2.0,,,3.0,0.0,1.0,,1.0
0.9077008133022405,28.0,3.0,2.0,1.0,3.0,1.0,12.0,5.0,2.0,2.0,,3.0,2.0,15.0,6.0,1.0,15.0,1.0,1.0,1.0,1.0,3.0,,,1.0,1.0,5.0,0.0,1.0,1.0,,3.0,1.0,,,,6.0,2.0,,,4.0,0.0,,,1.0
0.9116994952991666,12.0,1.0,2.0,1.0,1.0,5.0,1.0,5.0,1.0,2.0,2.0,3.0,2.0,5.0,1.0,1.0,15.0,1.0,9.0,1.0,2.0,3.0,1.0,,4.0,1.0,,0.0,100.0,1.0,,3.0,1.0,,,,,4.0,,,2.0,0.0,,,1.0
0.9136988362976297,12.0,1.0,2.0,1.0,50.0,5.0,1.0,5.0,,2.0,2.0,3.0,2.0,1.0,1.0,1.0,15.0,1.0,,1.0,1.0,3.0,10.0,,4.0,1.0,,0.0,100.0,3.0,,3.0,1.0,,,,,4.0,,,2.0,0.0,,,1.0
0.9156981772960928,12.0,1.0,2.0,1.0,4.0,5.0,1.0,5.0,5.0,2.0,2.0,3.0,2.0,1.0,1.0,1.0,15.0,1.0,1.0,1.0,1.0,3.0,9.0,,,1.0,20.0,0.0,10.0,3.0,,3.0,1.0,,,1.0,4.0,4.0,,2.0,2.0,0.0,,,1.0
0.9166978477953244,12.0,1.0,2.0,1.0,2.0,5.0,1.0,5.0,5.0,2.0,2.0,3.0,2.0,2.0,1.0,1.0,15.0,1.0,1.0,1.0,1.0,3.0,9.0,,,1.0,20.0,0.0,10.0,3.0,,3.0,18.0,,,1.0,4.0,4.0,,2.0,2.0,0.0,,,1.0
0.9176975182945559,12.0,1.0,2.0,1.0,3.0,5.0,1.0,5.0,1.0,2.0,2.0,3.0,2.0,2.0,1.0,1.0,15.0,1.0,1.0,1.0,1.0,3.0,2.0,,,1.0,20.0,0.0,10.0,3.0,,3.0,18.0,,,1.0,4.0,4.0,,2.0,2.0,0.0,,,1.0
0.9186971887937875,34.0,3.0,2.0,1.0,2.0,5.0,1.0,5.0,1.0,2.0,2.0,3.0,2.0,1.0,1.0,1.0,15.0,1.0,1.0,1.0,1.0,3.0,4.0,,50.0,1.0,2.0,0.0,4.0,3.0,,3.0,18.0,,,1.0,2.0,4.0,,2.0,5.0,0.0,,,1.0
0.9196968592930189,34.0,3.0,2.0,1.0,9.0,5.0,1.0,5.0,15.0,2.0,2.0,3.0,2.0,1.0,1.0,1.0,15.0,1.0,2.0,1.0,1.0,3.0,11.0,,50.0,1.0,2.0,0.0,4.0,3.0,,3.0,18.0,,,1.0,2.0,4.0,,2.0,5.0,0.0,,,1.0
0.9206965297922505,34.0,3.0,2.0,1.0,2.0,5.0,1.0,5.0,15.0,2.0,2.0,3.0,2.0,1.0,1.0,1.0,15.0,1.0,2.0,1.0,1.0,1.0,50.0,,50.0,1.0,2.0,0.0,4.0,3.0,,5.0,18.0,,,1.0,2.0,4.0,,2.0,5.0,0.0,,,1.0
0.921696200291482,34.0,3.0,2.0,1.0,2.0,5.0,1.0,5.0,5.0,2.0,2.0,3.0,2.0,1.0,1.0,1.0,15.0,1.0,2.0,1.0,1.0,1.0,4.0,,50.0,1.0,2.0,0.0,4.0,3.0,,5.0,18.0,,,1.0,2.0,4.0,,2.0,5.0,0.0,,,1.0
0.9226958707907136,12.0,5.0,2.0,1.0,12.0,2.0,10.0,5.0,2.0,2.0,2.0,3.0,2.0,1.0,1.0,1.0,15.0,1.0,2.0,1.0,2.0,1.0,2.0,,1.0,1.0,,0.0,2.0,1.0,,5.0,18.0,,,1.0,,4.0,,2.0,5.0,0.0,,,1.0
0.9236955412899451,12.0,5.0,2.0,1.0,4.0,2.0,10.0,5.0,5.0,2.0,2.0,3.0,2.0,5.0,1.0,1.0,15.0,1.0,,1.0,1.0,1.0,,,1.0,1.0,,0.0,2.0,1.0,,5.0,18.0,,,1.0,,4.0,,2.0,5.0,0.0,,,1.0
0.9256948822884082,12.0,5.0,2.0,3.0,10.0,2.0,10.0,2.0,,2.0,2.0,3.0,2.0,2.0,1.0,1.0,15.0,1.0,,1.0,1.0,,,,1.0,1.0,,0.0,2.0,1.0,4.0,5.0,15.0,,,1.0,,4.0,,2.0,,0.0,,,1.0
0.9266945527876398,26.0,17.0,2.0,3.0,18.0,2.0,10.0,2.0,,2.0,2.0,3.0,2.0,2.0,1.0,1.0,15.0,1.0,,1.0,2.0,,2.0,,3.0,4.0,3.0,0.0,10.0,1.0,4.0,5.0,15.0,,,1.0,4.0,4.0,,2.0,,0.0,,,1.0
0.9276942232868713,26.0,17.0,2.0,3.0,2.0,2.0,10.0,2.0,2.0,2.0,2.0,3.0,2.0,1.0,1.0,1.0,15.0,1.0,5.0,1.0,1.0,,2.0,,3.0,4.0,3.0,0.0,10.0,1.0,4.0,5.0,15.0,,,1.0,4.0,4.0,,2.0,,0.0,,,1.0
0.9306932347845659,26.0,19.0,2.0,2.0,8.0,1.0,,2.0,1.0,2.0,,3.0,2.0,1.0,1.0,1.0,15.0,1.0,2.0,1.0,2.0,,4.0,,3.0,4.0,,0.0,15.0,1.0,4.0,5.0,15.0,,,1.0,1.0,4.0,,2.0,,0.0,,,1.0
0.9316929052837974,26.0,19.0,2.0,2.0,39.0,1.0,,2.0,52.0,2.0,,3.0,2.0,23.0,1.0,1.0,15.0,1.0,1.0,1.0,,1.0,3.0,,3.0,4.0,,0.0,15.0,1.0,4.0,5.0,15.0,,,1.0,1.0,4.0,,2.0,,0.0,,,1.0
0.932692575783029,52.0,19.0,2.0,2.0,20.0,1.0,,2.0,1.0,2.0,,3.0,2.0,,1.0,1.0,15.0,1.0,1.0,1.0,2.0,4.0,,,1.0,4.0,,0.0,15.0,1.0,3.0,5.0,10.0,,,1.0,1.0,4.0,,2.0,,0.0,,,1.0
0.9346919167814921,52.0,11.0,7.0,12.0,15.0,1.0,6.0,2.0,1.0,2.0,,3.0,9.0,4.0,1.0,1.0,15.0,1.0,1.0,1.0,1.0,1.0,1.0,,1.0,4.0,2.0,0.0,13.0,8.0,3.0,5.0,10.0,,1.0,1.0,1.0,4.0,,2.0,,0.0,,,1.0
0.9356915872807237,52.0,11.0,7.0,12.0,31.0,1.0,6.0,2.0,2.0,2.0,,3.0,9.0,2.0,1.0,1.0,15.0,1.0,3.0,1.0,1.0,1.0,1.0,,1.0,4.0,2.0,0.0,13.0,8.0,3.0,5.0,10.0,,1.0,1.0,1.0,4.0,,2.0,,0.0,,,1.0
0.9366912577799552,52.0,11.0,7.0,12.0,20.0,1.0,6.0,2.0,1.0,2.0,,3.0,9.0,1.0,1.0,1.0,15.0,1.0,2.0,1.0,1.0,1.0,,,1.0,4.0,2.0,0.0,13.0,8.0,3.0,5.0,10.0,,1.0,1.0,1.0,4.0,,2.0,,0.0,,,1.0
0.9376909282791868,52.0,11.0,7.0,12.0,15.0,1.0,6.0,2.0,1.0,2.0,,3.0,9.0,,1.0,1.0,15.0,1.0,,1.0,1.0,1.0,,,1.0,4.0,2.0,0.0,13.0,8.0,3.0,5.0,10.0,,1.0,1.0,1.0,4.0,,2.0,,0.0,,,1.0
0.9396902692776498,77.0,11.0,20.0,10.0,8.0,1.0,3.0,10.0,1.0,2.0,1.0,3.0,,1.0,1.0,1.0,15.0,1.0,1.0,1.0,1.0,1.0,3.0,,1.0,4.0,1.0,0.0,2.0,1.0,1.0,5.0,2.0,,1.0,1.0,1.0,4.0,,2.0,1.0,0.0,1.0,,1.0
0.9406899397768813,77.0,11.0,20.0,10.0,5.0,1.0,3.0,10.0,2.0,2.0,1.0,3.0,,1.0,1.0,1.0,15.0,1.0,1.0,1.0,31.0,21.0,3.0,,1.0,4.0,1.0,0.0,2.0,1.0,1.0,5.0,2.0,,1.0,1.0,1.0,4.0,,2.0,1.0,0.0,1.0,,1.0
0.9416896102761129,77.0,11.0,20.0,10.0,33.0,1.0,3.0,10.0,,2.0,1.0,3.0,,1.0,1.0,1.0,15.0,1.0,1.0,1.0,2.0,21.0,,,1.0,4.0,1.0,0.0,2.0,1.0,1.0,5.0,2.0,,1.0,1.0,1.0,4.0,,2.0,1.0,0.0,1.0,,1.0
0.9426892807753444,78.0,11.0,6.0,10.0,9.0,2.0,1.0,11.0,10.0,4.0,,3.0,6.0,1.0,1.0,1.0,15.0,1.0,2.0,1.0,1.0,21.0,,,3.0,1.0,24.0,0.0,12.0,3.0,1.0,5.0,35.0,,5.0,1.0,1.0,4.0,,2.0,2.0,0.0,1.0,,1.0
0.943688951274576,78.0,11.0,6.0,10.0,5.0,2.0,1.0,11.0,10.0,4.0,,3.0,6.0,1.0,1.0,1.0,15.0,1.0,2.0,1.0,3.0,21.0,4.0,,3.0,1.0,24.0,0.0,12.0,3.0,1.0,5.0,35.0,,5.0,1.0,1.0,4.0,,2.0,2.0,0.0,1.0,,1.0
0.9446886217738075,78.0,1.0,6.0,2.0,13.0,2.0,1.0,11.0,3.0,4.0,,3.0,6.0,,1.0,1.0,15.0,1.0,2.0,1.0,5.0,21.0,1.0,,3.0,1.0,24.0,0.0,12.0,3.0,1.0,5.0,35.0,,5.0,1.0,1.0,4.0,,2.0,2.0,0.0,1.0,,1.0
0.9456882922730391,78.0,1.0,6.0,2.0,10.0,2.0,1.0,11.0,4.0,4.0,,3.0,6.0,1.0,1.0,1.0,15.0,1.0,2.0,1.0,2.0,21.0,,,3.0,1.0,24.0,0.0,12.0,3.0,1.0,5.0,35.0,,5.0,1.0,1.0,4.0,,2.0,2.0,0.0,1.0,,1.0
0.9476876332715022,35.0,1.0,2.0,2.0,2.0,2.0,25.0,7.0,1.0,2.0,,3.0,6.0,10.0,1.0,1.0,15.0,1.0,25.0,1.0,1.0,11.0,2.0,,1.0,1.0,1.0,0.0,6.0,3.0,1.0,2.0,35.0,,5.0,1.0,1.0,4.0,,2.0,2.0,0.0,2.0,,1.0
0.9486873037707337,35.0,1.0,2.0,2.0,2.0,2.0,25.0,7.0,1.0,2.0,2.0,3.0,6.0,10.0,1.0,1.0,15.0,1.0,25.0,1.0,2.0,11.0,,,1.0,1.0,1.0,0.0,6.0,1.0,1.0,2.0,1.0,,5.0,1.0,1.0,4.0,,2.0,,0.0,2.0,,1.0
0.9496869742699653,35.0,1.0,2.0,2.0,27.0,2.0,25.0,7.0,2.0,2.0,2.0,3.0,6.0,1.0,1.0,1.0,15.0,1.0,25.0,1.0,2.0,11.0,1.0,,1.0,1.0,1.0,0.0,6.0,1.0,1.0,2.0,1.0,,5.0,1.0,1.0,4.0,,2.0,,0.0,2.0,,1.0
0.9506866447691967,35.0,7.0,1.0,2.0,10.0,2.0,2.0,2.0,2.0,13.0,2.0,3.0,6.0,1.0,1.0,1.0,15.0,1.0,1.0,1.0,1.0,11.0,1.0,,1.0,1.0,2.0,0.0,1.0,1.0,1.0,2.0,1.0,,5.0,1.0,10.0,4.0,,2.0,,0.0,2.0,,1.0
0.9516863152684283,35.0,7.0,1.0,2.0,5.0,2.0,2.0,2.0,7.0,13.0,2.0,3.0,6.0,1.0,1.0,1.0,15.0,1.0,1.0,1.0,1.0,11.0,4.0,,1.0,1.0,2.0,0.0,1.0,1.0,1.0,2.0,1.0,,5.0,1.0,10.0,4.0,,2.0,,0.0,2.0,,1.0
0.9526859857676598,35.0,7.0,1.0,2.0,2.0,10.0,2.0,2.0,7.0,13.0,2.0,3.0,2.0,1.0,1.0,1.0,15.0,1.0,,1.0,1.0,11.0,,,1.0,1.0,2.0,0.0,1.0,1.0,1.0,2.0,1.0,,5.0,,10.0,4.0,,2.0,,0.0,2.0,,1.0
0.9536856562668914,35.0,7.0,1.0,2.0,1.0,10.0,2.0,2.0,,13.0,2.0,3.0,2.0,1.0,1.0,1.0,15.0,1.0,1.0,1.0,2.0,11.0,3.0,,1.0,1.0,2.0,0.0,1.0,1.0,1.0,2.0,1.0,,5.0,,10.0,4.0,,2.0,,0.0,2.0,,1.0
0.9546853267661229,28.0,5.0,2.0,2.0,8.0,10.0,,1.0,2.0,1.0,3.0,2.0,2.0,1.0,1.0,1.0,15.0,1.0,1.0,1.0,1.0,11.0,3.0,,2.0,1.0,3.0,0.0,1.0,,1.0,2.0,1.0,,5.0,,10.0,4.0,,2.0,,0.0,2.0,,1.0
0.9556849972653545,28.0,5.0,2.0,2.0,1.0,10.0,,1.0,3.0,1.0,3.0,2.0,2.0,1.0,1.0,1.0,15.0,1.0,1.0,1.0,5.0,1.0,10.0,,2.0,1.0,3.0,0.0,1.0,,1.0,2.0,1.0,,5.0,,10.0,4.0,,2.0,,0.0,2.0,,1.0
0.956684667764586,28.0,5.0,2.0,2.0,1.0,10.0,,1.0,2.0,1.0,3.0,2.0,2.0,1.0,1.0,1.0,15.0,1.0,1.0,1.0,1.0,1.0,10.0,,2.0,5.0,3.0,0.0,1.0,,1.0,,1.0,,5.0,,10.0,4.0,,2.0,2.0,0.0,2.0,,1.0
0.9576843382638176,28.0,5.0,2.0,2.0,1.0,10.0,,1.0,1.0,1.0,3.0,2.0,2.0,1.0,1.0,1.0,15.0,1.0,1.0,1.0,1.0,1.0,10.0,,2.0,5.0,3.0,0.0,1.0,,1.0,,1.0,,5.0,,10.0,4.0,,2.0,2.0,0.0,2.0,,1.0
0.9586840087630492,925.0,11.0,6.0,4.0,7.0,1.0,1.0,6.0,1.0,6.0,3.0,1.0,2.0,1.0,1.0,1.0,15.0,1.0,1.0,1.0,1.0,1.0,2.0,,2.0,5.0,3.0,0.0,2.0,2.0,1.0,,1.0,,5.0,,10.0,4.0,,2.0,2.0,0.0,2.0,,1.0
0.9596836792622807,925.0,11.0,6.0,4.0,25.0,1.0,1.0,6.0,19.0,6.0,3.0,1.0,2.0,3.0,1.0,1.0,15.0,1.0,2.0,1.0,3.0,1.0,1.0,,2.0,5.0,3.0,0.0,2.0,2.0,1.0,,1.0,,5.0,,10.0,4.0,,2.0,2.0,0.0,2.0,,1.0
0.9606833497615122,925.0,11.0,6.0,4.0,400.0,1.0,1.0,6.0,1.0,6.0,3.0,1.0,2.0,12.0,1.0,1.0,15.0,1.0,2.0,1.0,1.0,1.0,1.0,,2.0,5.0,3.0,0.0,2.0,2.0,1.0,,1.0,,,,10.0,4.0,,2.0,2.0,0.0,2.0,,
0.9616830202607437,925.0,11.0,6.0,4.0,4.0,1.0,1.0,6.0,1.0,6.0,3.0,1.0,2.0,1.0,1.0,1.0,15.0,1.0,2.0,1.0,1.0,1.0,2.0,,2.0,5.0,3.0,0.0,2.0,2.0,1.0,,1.0,,,,10.0,4.0,,2.0,2.0,0.0,2.0,,
0.9626826907599753,31.0,5.0,4.0,1.0,6.0,2.0,3.0,2.0,1.0,,4.0,1.0,2.0,1.0,1.0,1.0,15.0,1.0,2.0,3.0,2.0,1.0,3.0,,4.0,1.0,1.0,0.0,1.0,2.0,1.0,,1.0,,,,10.0,4.0,,2.0,2.0,0.0,2.0,,
0.9636823612592068,31.0,5.0,4.0,1.0,4.0,2.0,3.0,2.0,11.0,,4.0,1.0,2.0,1.0,1.0,1.0,15.0,1.0,2.0,3.0,5.0,2.0,3.0,,4.0,1.0,1.0,0.0,1.0,2.0,1.0,,1.0,,,,10.0,4.0,,2.0,2.0,0.0,2.0,,
0.9646820317584384,31.0,5.0,4.0,1.0,3.0,2.0,3.0,2.0,,,4.0,2.0,2.0,1.0,1.0,1.0,38.0,1.0,,3.0,1.0,2.0,2.0,,4.0,1.0,1.0,0.0,1.0,1.0,1.0,2.0,5.0,,,,10.0,4.0,,2.0,2.0,0.0,,,
0.9656817022576699,31.0,5.0,4.0,1.0,4.0,2.0,3.0,2.0,1.0,,4.0,2.0,2.0,2.0,1.0,1.0,38.0,1.0,,3.0,2.0,1.0,3.0,,4.0,1.0,1.0,0.0,1.0,1.0,1.0,2.0,5.0,,,,10.0,4.0,,2.0,2.0,0.0,,,
0.9666813727569015,248.0,8.0,2.0,2.0,6.0,2.0,,1.0,1.0,2.0,4.0,2.0,2.0,2.0,1.0,1.0,38.0,1.0,,1.0,1.0,1.0,3.0,,4.0,,2.0,0.0,2.0,1.0,1.0,2.0,5.0,,,,10.0,4.0,,2.0,2.0,0.0,,,
0.967681043256133,248.0,8.0,2.0,2.0,2.0,2.0,,1.0,1.0,2.0,4.0,2.0,2.0,1.0,1.0,1.0,38.0,1.0,1.0,1.0,3.0,1.0,3.0,,4.0,,2.0,0.0,2.0,1.0,1.0,2.0,5.0,,,,10.0,4.0,,2.0,2.0,0.0,,,
0.9686807137553646,248.0,8.0,2.0,2.0,1.0,2.0,,1.0,1.0,2.0,4.0,2.0,2.0,1.0,1.0,1.0,38.0,1.0,1.0,1.0,1.0,1.0,2.0,,4.0,,2.0,0.0,2.0,1.0,1.0,2.0,5.0,,,,10.0,1.0,,2.0,2.0,0.0,,,
0.9696803842545961,248.0,8.0,2.0,2.0,103.0,2.0,,1.0,1.0,2.0,4.0,2.0,2.0,1.0,1.0,1.0,38.0,1.0,4.0,1.0,1.0,1.0,1.0,,4.0,,2.0,0.0,2.0,1.0,1.0,2.0,5.0,,,,10.0,1.0,,2.0,2.0,0.0,,,
0.9706800547538276,242.0,10.0,5.0,2.0,2.0,7.0,5.0,1.0,1.0,1.0,1.0,2.0,1.0,2.0,1.0,1.0,38.0,1.0,2.0,1.0,1.0,1.0,1.0,,5.0,1.0,8.0,0.0,1.0,1.0,1.0,2.0,5.0,,,,1.0,1.0,,2.0,2.0,0.0,,,
0.9716797252530591,242.0,10.0,5.0,2.0,19.0,7.0,5.0,1.0,2.0,1.0,1.0,2.0,1.0,12.0,1.0,1.0,38.0,1.0,1.0,1.0,4.0,1.0,1.0,,5.0,1.0,8.0,0.0,1.0,1.0,1.0,2.0,5.0,,,,1.0,1.0,,2.0,2.0,0.0,,,
0.9726793957522907,242.0,10.0,5.0,2.0,1.0,7.0,5.0,1.0,1.0,1.0,1.0,2.0,1.0,12.0,1.0,1.0,21.0,1.0,1.0,1.0,1.0,1.0,,,5.0,1.0,8.0,0.0,1.0,1.0,3.0,,4.0,,,,1.0,1.0,,2.0,2.0,0.0,,,
0.9736790662515222,242.0,10.0,5.0,2.0,1.0,7.0,5.0,1.0,1.0,1.0,1.0,2.0,1.0,1.0,1.0,1.0,21.0,1.0,1.0,1.0,2.0,1.0,,,5.0,1.0,8.0,0.0,1.0,1.0,3.0,,4.0,,,,1.0,1.0,,2.0,2.0,0.0,,,
0.9746787367507538,84.0,2.0,4.0,2.0,1.0,1.0,4.0,1.0,2.0,1.0,2.0,1.0,3.0,1.0,1.0,1.0,21.0,1.0,1.0,1.0,1.0,1.0,,,1.0,1.0,1.0,0.0,3.0,1.0,3.0,,4.0,,,,1.0,1.0,,2.0,2.0,0.0,,,
0.9756784072499853,84.0,2.0,4.0,2.0,28.0,1.0,4.0,1.0,4.0,1.0,2.0,1.0,3.0,1.0,1.0,1.0,21.0,1.0,1.0,1.0,1.0,1.0,1.0,,1.0,1.0,1.0,0.0,3.0,1.0,3.0,,4.0,,,,1.0,1.0,,2.0,2.0,0.0,,,
0.9766780777492169,84.0,2.0,4.0,2.0,15.0,1.0,4.0,1.0,4.0,1.0,2.0,1.0,3.0,1.0,1.0,1.0,21.0,1.0,1.0,1.0,4.0,1.0,,,1.0,3.0,1.0,0.0,3.0,1.0,3.0,,4.0,,,,1.0,1.0,,2.0,2.0,0.0,,,
0.9776777482484484,84.0,2.0,4.0,2.0,11.0,1.0,4.0,1.0,1.0,1.0,2.0,1.0,3.0,1.0,1.0,1.0,21.0,1.0,1.0,1.0,6.0,1.0,,,1.0,3.0,1.0,0.0,3.0,1.0,3.0,,4.0,,,,1.0,1.0,,2.0,2.0,0.0,,,
0.97867741874768,256.0,4.0,9.0,20.0,2.0,4.0,4.0,3.0,4.0,2.0,,1.0,1.0,8.0,1.0,1.0,1.0,1.0,1.0,1.0,1.0,1.0,1.0,,1.0,3.0,1.0,0.0,4.0,1.0,3.0,5.0,17.0,,,,1.0,1.0,,2.0,14.0,0.0,1.0,,
0.9796770892469115,256.0,4.0,9.0,20.0,17.0,4.0,4.0,3.0,6.0,2.0,,1.0,1.0,4.0,1.0,1.0,1.0,1.0,1.0,1.0,22.0,2.0,4.0,,1.0,3.0,1.0,0.0,4.0,1.0,3.0,5.0,17.0,,,,1.0,1.0,,2.0,14.0,0.0,1.0,,
0.9806767597461431,256.0,4.0,9.0,20.0,9.0,4.0,1.0,3.0,2.0,2.0,,1.0,1.0,1.0,1.0,1.0,1.0,1.0,1.0,1.0,1.0,2.0,1.0,,1.0,3.0,1.0,0.0,4.0,,3.0,5.0,17.0,,,,1.0,1.0,,2.0,14.0,0.0,1.0,,
0.9816764302453745,256.0,4.0,9.0,20.0,12.0,4.0,1.0,3.0,2.0,2.0,,1.0,1.0,1.0,1.0,1.0,1.0,1.0,4.0,1.0,1.0,2.0,3.0,,1.0,3.0,1.0,0.0,4.0,,3.0,5.0,17.0,,,,1.0,1.0,,2.0,14.0,0.0,1.0,,
0.9826761007446061,97.0,4.0,6.0,5.0,7.0,1.0,1.0,2.0,1.0,1.0,,,1.0,1.0,1.0,1.0,1.0,1.0,4.0,1.0,2.0,2.0,3.0,1.0,3.0,1.0,2.0,0.0,1.0,,2.0,,3.0,,,,1.0,1.0,,2.0,1.0,0.0,1.0,,
0.9836757712438376,97.0,4.0,6.0,5.0,3.0,1.0,1.0,2.0,1.0,1.0,,,1.0,6.0,1.0,1.0,1.0,1.0,1.0,1.0,117.0,2.0,3.0,1.0,3.0,1.0,2.0,0.0,1.0,,2.0,,3.0,,,,1.0,1.0,,2.0,1.0,0.0,1.0,,
0.9846754417430692,97.0,14.0,6.0,5.0,8.0,1.0,1.0,2.0,1.0,1.0,,,2.0,,1.0,1.0,1.0,1.0,1.0,1.0,2.0,2.0,1.0,1.0,3.0,1.0,2.0,0.0,1.0,,2.0,,3.0,,,,1.0,1.0,,2.0,1.0,0.0,1.0,,
0.9856751122423008,97.0,14.0,6.0,5.0,7.0,1.0,1.0,2.0,1.0,1.0,,,2.0,2.0,1.0,1.0,1.0,1.0,4.0,1.0,1.0,,1.0,1.0,3.0,1.0,2.0,0.0,1.0,,2.0,,3.0,,,,1.0,1.0,,2.0,1.0,0.0,1.0,,
0.9866747827415323,133.0,14.0,6.0,2.0,7.0,1.0,6.0,1.0,1.0,1.0,,,2.0,13.0,1.0,1.0,1.0,1.0,4.0,1.0,1.0,,1.0,1.0,3.0,2.0,,0.0,1.0,,2.0,,3.0,,,,1.0,1.0,,2.0,1.0,0.0,1.0,,
0.9876744532407639,133.0,14.0,6.0,2.0,25.0,1.0,6.0,1.0,4.0,1.0,,,2.0,3.0,1.0,1.0,1.0,1.0,4.0,1.0,4.0,,1.0,1.0,3.0,2.0,,0.0,1.0,,2.0,,3.0,,,,1.0,1.0,,2.0,1.0,0.0,1.0,,
0.9886741237399954,133.0,14.0,4.0,2.0,1.0,3.0,6.0,1.0,2.0,1.0,,,2.0,2.0,1.0,1.0,1.0,1.0,4.0,1.0,1.0,,1.0,1.0,3.0,2.0,,0.0,1.0,,1.0,1.0,6.0,,,,1.0,1.0,,2.0,6.0,0.0,1.0,,
0.989673794239227,133.0,14.0,4.0,2.0,37.0,3.0,6.0,1.0,4.0,1.0,,,2.0,1.0,1.0,1.0,1.0,1.0,4.0,1.0,9.0,,6.0,1.0,3.0,2.0,,0.0,1.0,,1.0,1.0,6.0,,,,1.0,1.0,,2.0,6.0,0.0,1.0,,
0.9906734647384585,66.0,14.0,4.0,2.0,3.0,3.0,2.0,2.0,4.0,1.0,3.0,,,1.0,1.0,1.0,1.0,1.0,1.0,1.0,1.0,,1.0,1.0,13.0,3.0,1.0,0.0,1.0,,1.0,1.0,6.0,,,,1.0,1.0,,2.0,6.0,0.0,1.0,,
0.99167313523769,66.0,14.0,4.0,2.0,9.0,3.0,2.0,2.0,12.0,1.0,3.0,,,3.0,1.0,1.0,1.0,1.0,1.0,1.0,5.0,,7.0,1.0,13.0,3.0,1.0,0.0,1.0,,1.0,1.0,6.0,,,,1.0,1.0,,2.0,6.0,0.0,1.0,,
0.9926728057369215,66.0,14.0,4.0,1.0,3.0,3.0,2.0,2.0,3.0,1.0,3.0,,,1.0,1.0,1.0,1.0,1.0,1.0,1.0,1.0,,,1.0,13.0,3.0,1.0,0.0,1.0,,1.0,1.0,6.0,,,,1.0,1.0,,2.0,6.0,0.0,1.0,,
0.9936724762361531,66.0,14.0,4.0,1.0,5.0,3.0,2.0,2.0,3.0,1.0,3.0,,,1.0,1.0,1.0,1.0,1.0,1.0,1.0,2.0,,10.0,1.0,13.0,3.0,1.0,0.0,1.0,,1.0,1.0,6.0,,,,1.0,1.0,,2.0,6.0,0.0,1.0,,
0.9946721467353846,58.0,16.0,20.0,1.0,31.0,1.0,1.0,2.0,1.0,1.0,3.0,,4.0,3.0,1.0,1.0,1.0,1.0,1.0,1.0,1.0,2.0,1.0,1.0,2.0,1.0,2.0,0.0,1.0,,1.0,1.0,6.0,,,,1.0,1.0,,2.0,6.0,0.0,1.0,,
0.9956718172346162,58.0,16.0,20.0,1.0,2.0,1.0,1.0,2.0,6.0,1.0,3.0,,4.0,3.0,1.0,1.0,1.0,1.0,1.0,1.0,1.0,2.0,8.0,1.0,2.0,1.0,2.0,0.0,1.0,,1.0,1.0,6.0,,,,1.0,1.0,,2.0,6.0,0.0,1.0,,
0.9966714877338477,58.0,16.0,20.0,1.0,1.0,1.0,1.0,2.0,1.0,1.0,3.0,,4.0,1.0,1.0,1.0,1.0,1.0,1.0,1.0,1.0,2.0,,1.0,2.0,1.0,2.0,0.0,1.0,6.0,1.0,1.0,10.0,,,,1.0,1.0,,,1.0,0.0,1.0,,
0.9976711582330793,58.0,16.0,20.0,1.0,12.0,1.0,1.0,2.0,1.0,1.0,3.0,,4.0,30.0,1.0,1.0,1.0,1.0,,1.0,4.0,2.0,5.0,1.0,2.0,1.0,2.0,0.0,1.0,6.0,1.0,1.0,10.0,,,,1.0,1.0,,,1.0,0.0,1.0,,
0.9986708287323108,267.0,16.0,26.0,7.0,1.0,4.0,4.0,2.0,1.0,1.0,2.0,,2.0,2.0,1.0,,1.0,1.0,,1.0,1.0,2.0,5.0,1.0,2.0,,10.0,0.0,70.0,6.0,1.0,1.0,10.0,,,,1.0,1.0,,,1.0,0.0,1.0,,
0.9996704992315424,267.0,16.0,26.0,7.0,5.0,4.0,4.0,2.0,9.0,1.0,2.0,,2.0,1.0,1.0,,1.0,1.0,2.0,1.0,53.0,1.0,10.0,1.0,2.0,,10.0,0.0,70.0,6.0,1.0,1.0,10.0,,,,1.0,1.0,,,1.0,0.0,1.0,,
1.0006701697307738,112.0,18.0,9.0,2.0,2.0,6.0,8.0,1.0,2.0,2.0,6.0,1.0,1.0,1.0,1.0,,1.0,1.0,1.0,1.0,6.0,1.0,1.0,6.0,2.0,2.0,2.0,1.0,116.0,1.0,1.0,1.0,10.0,,2.0,2.0,8.0,1.0,,1.0,2.0,1.0,1.0,,11.0
1.0016698402300055,112.0,18.0,9.0,2.0,5.0,6.0,8.0,1.0,1.0,2.0,6.0,1.0,1.0,4.0,1.0,,1.0,1.0,1.0,1.0,3.0,1.0,1.0,6.0,2.0,2.0,2.0,1.0,116.0,1.0,1.0,1.0,10.0,,2.0,2.0,8.0,1.0,,1.0,2.0,1.0,1.0,,11.0
1.002669510729237,82.0,3.0,1.0,2.0,14.0,1.0,1.0,1.0,1.0,1.0,6.0,1.0,1.0,4.0,1.0,,1.0,1.0,1.0,1.0,2.0,1.0,1.0,6.0,1.0,1.0,2.0,1.0,2.0,,1.0,1.0,10.0,,2.0,2.0,8.0,1.0,,1.0,2.0,1.0,1.0,,11.0
1.0036691812284686,82.0,3.0,1.0,2.0,13.0,1.0,1.0,1.0,2.0,1.0,6.0,1.0,1.0,3.0,1.0,,1.0,1.0,1.0,1.0,1.0,1.0,3.0,6.0,1.0,1.0,2.0,1.0,2.0,,1.0,1.0,10.0,,2.0,2.0,8.0,1.0,,1.0,2.0,1.0,1.0,,11.0
1.0046688517277,82.0,3.0,1.0,2.0,17.0,1.0,1.0,1.0,2.0,1.0,6.0,1.0,1.0,,1.0,,1.0,1.0,1.0,1.0,1.0,1.0,6.0,6.0,1.0,1.0,2.0,1.0,2.0,,,,5.0,,2.0,2.0,8.0,1.0,,1.0,2.0,1.0,1.0,,11.0
1.0056685222269317,82.0,3.0,1.0,2.0,4.0,1.0,1.0,1.0,,1.0,6.0,1.0,1.0,1.0,1.0,,1.0,1.0,1.0,1.0,2.0,1.0,2.0,6.0,1.0,1.0,2.0,1.0,2.0,,,,5.0,,2.0,2.0,8.0,1.0,,1.0,2.0,1.0,1.0,,11.0
1.0066681927261631,123.0,78.0,4.0,2.0,15.0,2.0,2.0,1.0,10.0,1.0,6.0,2.0,1.0,3.0,3.0,,1.0,1.0,1.0,1.0,2.0,1.0,2.0,6.0,1.0,1.0,1.0,1.0,4.0,2.0,,,5.0,,2.0,2.0,8.0,1.0,,1.0,2.0,1.0,1.0,,11.0
1.0076678632253946,123.0,78.0,4.0,2.0,5.0,2.0,2.0,1.0,13.0,1.0,6.0,2.0,1.0,2.0,3.0,,1.0,1.0,1.0,1.0,2.0,1.0,1.0,6.0,1.0,1.0,1.0,1.0,4.0,2.0,,,5.0,,2.0,2.0,8.0,1.0,,1.0,2.0,1.0,1.0,,11.0
1.0086675337246263,123.0,78.0,4.0,2.0,10.0,2.0,2.0,1.0,1.0,1.0,6.0,2.0,1.0,,3.0,,1.0,1.0,1.0,1.0,6.0,1.0,1.0,6.0,,1.0,1.0,1.0,4.0,2.0,,,5.0,,2.0,2.0,8.0,1.0,,1.0,2.0,1.0,1.0,,11.0
1.0096672042238577,123.0,78.0,4.0,2.0,2.0,2.0,2.0,1.0,1.0,1.0,6.0,2.0,1.0,1.0,3.0,,1.0,1.0,1.0,1.0,3.0,1.0,1.0,6.0,,1.0,1.0,1.0,4.0,2.0,,,5.0,,2.0,2.0,8.0,1.0,,1.0,2.0,1.0,1.0,,11.0
1.0106668747230894,73.0,400.0,2.0,3.0,2.0,1.0,,1.0,2.0,1.0,6.0,2.0,1.0,1.0,3.0,,1.0,1.0,1.0,1.0,4.0,1.0,2.0,6.0,,,4.0,1.0,1.0,2.0,,,5.0,,1.0,2.0,4.0,1.0,,1.0,1.0,1.0,1.0,,1.0
1.0116665452223208,73.0,400.0,2.0,3.0,2.0,1.0,,1.0,1.0,1.0,6.0,2.0,1.0,1.0,3.0,,1.0,1.0,1.0,1.0,5.0,1.0,2.0,6.0,,,4.0,1.0,1.0,2.0,,,5.0,,1.0,2.0,4.0,1.0,,1.0,1.0,1.0,1.0,,1.0
1.0126662157215525,73.0,400.0,2.0,3.0,16.0,1.0,,1.0,2.0,1.0,6.0,2.0,1.0,1.0,10.0,,1.0,1.0,33.0,1.0,2.0,1.0,1.0,6.0,,,4.0,1.0,1.0,2.0,,32.0,10.0,,1.0,2.0,4.0,1.0,,1.0,1.0,1.0,1.0,,1.0
1.013665886220784,73.0,400.0,2.0,3.0,18.0,1.0,,1.0,2.0,1.0,6.0,2.0,1.0,1.0,10.0,,1.0,1.0,33.0,1.0,20.0,1.0,1.0,6.0,,,4.0,1.0,1.0,2.0,,32.0,10.0,,1.0,2.0,4.0,1.0,,1.0,1.0,1.0,1.0,,1.0
1.0146655567200156,67.0,9.0,8.0,1.0,1.0,2.0,2.0,1.0,1.0,3.0,1.0,2.0,1.0,1.0,10.0,1.0,1.0,1.0,33.0,1.0,1.0,1.0,1.0,6.0,,2.0,1.0,1.0,1.0,2.0,,32.0,10.0,,1.0,2.0,4.0,1.0,,1.0,1.0,1.0,1.0,,1.0
1.015665227219247,67.0,9.0,8.0,1.0,17.0,2.0,2.0,1.0,3.0,3.0,1.0,2.0,1.0,1.0,10.0,1.0,1.0,1.0,33.0,1.0,43.0,1.0,,6.0,,2.0,1.0,1.0,1.0,2.0,,32.0,10.0,,1.0,2.0,4.0,1.0,,1.0,1.0,1.0,1.0,,1.0
1.0166648977184787,67.0,9.0,8.0,1.0,6.0,2.0,2.0,1.0,2.0,3.0,1.0,2.0,1.0,1.0,10.0,1.0,1.0,1.0,33.0,1.0,1.0,1.0,1.0,6.0,,2.0,1.0,1.0,1.0,2.0,,32.0,10.0,,1.0,2.0,4.0,1.0,,1.0,1.0,1.0,1.0,,1.0
1.0176645682177101,67.0,9.0,8.0,1.0,8.0,2.0,2.0,1.0,6.0,3.0,1.0,2.0,1.0,1.0,10.0,1.0,1.0,1.0,33.0,1.0,1.0,1.0,4.0,6.0,,2.0,1.0,1.0,1.0,2.0,,32.0,10.0,,1.0,2.0,4.0,1.0,,1.0,1.0,1.0,1.0,,1.0
1.0186642387169416,237.0,15.0,12.0,17.0,5.0,2.0,2.0,1.0,,1.0,1.0,2.0,1.0,1.0,10.0,1.0,1.0,3.0,33.0,1.0,1.0,1.0,4.0,6.0,31.0,1.0,1.0,1.0,420.0,1.0,,,5.0,,1.0,2.0,4.0,1.0,,1.0,1.0,1.0,1.0,,1.0
1.0196639092161732,237.0,15.0,12.0,17.0,13.0,2.0,2.0,1.0,4.0,1.0,1.0,2.0,1.0,14.0,10.0,1.0,1.0,3.0,33.0,1.0,132.0,1.0,2.0,6.0,31.0,1.0,1.0,1.0,420.0,1.0,,,5.0,,1.0,2.0,4.0,1.0,,1.0,1.0,1.0,1.0,,1.0
1.0206635797154047,237.0,15.0,12.0,17.0,7.0,2.0,2.0,1.0,1.0,1.0,1.0,2.0,1.0,10.0,2.0,1.0,1.0,3.0,50.0,1.0,2.0,1.0,2.0,6.0,31.0,1.0,1.0,1.0,420.0,1.0,,,5.0,,1.0,2.0,4.0,1.0,1.0,1.0,1.0,1.0,1.0,,1.0
1.0216632502146363,237.0,15.0,12.0,17.0,13.0,2.0,2.0,1.0,,1.0,1.0,2.0,1.0,,2.0,1.0,1.0,3.0,50.0,1.0,1.0,1.0,2.0,6.0,31.0,1.0,1.0,1.0,420.0,1.0,,,5.0,,1.0,2.0,4.0,1.0,1.0,1.0,1.0,1.0,1.0,,1.0
1.0226629207138678,257.0,16.0,3.0,2.0,11.0,4.0,3.0,1.0,1.0,6.0,2.0,2.0,1.0,,2.0,1.0,1.0,1.0,50.0,1.0,1.0,1.0,1.0,6.0,2.0,4.0,1.0,1.0,2.0,,,,5.0,,1.0,2.0,4.0,1.0,1.0,1.0,1.0,1.0,1.0,,1.0
1.0236625912130994,257.0,16.0,3.0,2.0,30.0,4.0,3.0,1.0,7.0,6.0,2.0,2.0,1.0,1.0,2.0,1.0,1.0,1.0,50.0,1.0,1.0,1.0,1.0,6.0,2.0,4.0,1.0,1.0,2.0,,,,5.0,,1.0,2.0,4.0,1.0,1.0,1.0,1.0,1.0,1.0,,1.0
1.0246622617123309,257.0,16.0,3.0,2.0,2.0,4.0,3.0,8.0,1.0,6.0,2.0,2.0,1.0,2.0,2.0,1.0,1.0,1.0,50.0,1.0,1.0,1.0,1.0,6.0,2.0,4.0,1.0,1.0,2.0,,,,5.0,,1.0,2.0,4.0,1.0,1.0,1.0,1.0,1.0,1.0,,1.0
1.0256619322115625,257.0,16.0,3.0,2.0,9.0,4.0,3.0,8.0,4.0,6.0,2.0,2.0,1.0,2.0,2.0,1.0,1.0,1.0,50.0,1.0,14.0,1.0,1.0,6.0,2.0,4.0,1.0,1.0,2.0,,,,5.0,,1.0,2.0,4.0,1.0,1.0,1.0,1.0,1.0,1.0,,1.0
1.026661602710794,72.0,14.0,4.0,3.0,1.0,2.0,3.0,8.0,1.0,4.0,2.0,2.0,1.0,1.0,2.0,4.0,1.0,1.0,,1.0,1.0,1.0,6.0,6.0,5.0,3.0,2.0,1.0,6.0,,,1.0,5.0,,1.0,2.0,4.0,1.0,1.0,1.0,1.0,1.0,1.0,,1.0
1.0276612732100256,72.0,14.0,4.0,3.0,2.0,2.0,3.0,8.0,4.0,4.0,2.0,2.0,1.0,2.0,2.0,4.0,1.0,1.0,,1.0,4.0,1.0,1.0,6.0,5.0,3.0,2.0,1.0,6.0,,,1.0,5.0,,1.0,2.0,4.0,1.0,1.0,1.0,1.0,1.0,1.0,,1.0
1.028660943709257,72.0,14.0,4.0,3.0,4.0,2.0,3.0,8.0,1.0,4.0,1.0,2.0,1.0,2.0,2.0,4.0,1.0,1.0,,1.0,1.0,1.0,1.0,6.0,5.0,3.0,2.0,1.0,6.0,,1.0,1.0,88.0,,1.0,2.0,4.0,1.0,1.0,1.0,1.0,1.0,1.0,,1.0
1.0296606142084885,72.0,14.0,4.0,3.0,2.0,2.0,3.0,8.0,5.0,4.0,1.0,2.0,1.0,2.0,2.0,4.0,1.0,1.0,,1.0,3.0,1.0,6.0,6.0,5.0,3.0,2.0,1.0,6.0,,1.0,1.0,88.0,,1.0,2.0,4.0,1.0,1.0,1.0,1.0,1.0,1.0,,1.0
1.0306602847077202,59.0,20.0,54.0,3.0,1.0,2.0,2.0,8.0,1.0,5.0,1.0,2.0,1.0,1.0,2.0,4.0,1.0,1.0,,1.0,2.0,,,6.0,1.0,14.0,2.0,1.0,1.0,,1.0,1.0,88.0,,2.0,1.0,3.0,1.0,1.0,1.0,1.0,1.0,1.0,,1.0
1.0316599552069516,59.0,20.0,54.0,3.0,9.0,2.0,2.0,8.0,4.0,5.0,1.0,2.0,1.0,1.0,2.0,4.0,1.0,1.0,11.0,1.0,4.0,,6.0,6.0,1.0,14.0,2.0,1.0,1.0,,1.0,1.0,88.0,,2.0,1.0,3.0,1.0,1.0,1.0,1.0,1.0,1.0,,1.0
1.0326596257061833,59.0,20.0,54.0,3.0,1.0,3.0,2.0,,4.0,5.0,1.0,,1.0,2.0,2.0,4.0,1.0,1.0,14.0,1.0,1.0,,6.0,6.0,1.0,14.0,2.0,1.0,1.0,,1.0,1.0,88.0,,2.0,1.0,3.0,1.0,1.0,1.0,1.0,1.0,1.0,,1.0
1.0336592962054147,59.0,20.0,54.0,3.0,6.0,3.0,2.0,,2.0,5.0,1.0,,1.0,2.0,2.0,4.0,1.0,1.0,14.0,1.0,1.0,,6.0,6.0,1.0,14.0,2.0,1.0,1.0,,1.0,1.0,88.0,,2.0,1.0,3.0,1.0,1.0,1.0,1.0,1.0,1.0,,1.0
1.0346589667046464,66.0,7.0,1.0,2.0,10.0,3.0,3.0,,2.0,1.0,1.0,,1.0,2.0,2.0,2.0,6.0,1.0,,1.0,3.0,,2.0,6.0,1.0,1.0,1.0,1.0,1.0,,1.0,1.0,88.0,1.0,2.0,1.0,3.0,1.0,1.0,1.0,1.0,1.0,1.0,,1.0
1.0356586372038779,66.0,7.0,1.0,2.0,19.0,3.0,3.0,,1.0,1.0,1.0,,1.0,2.0,2.0,2.0,6.0,1.0,,1.0,2.0,,2.0,6.0,1.0,1.0,1.0,1.0,1.0,,1.0,1.0,88.0,1.0,2.0,1.0,3.0,1.0,1.0,1.0,1.0,1.0,1.0,,1.0
1.0366583077031095,66.0,7.0,1.0,2.0,3.0,3.0,3.0,,1.0,1.0,,,1.0,5.0,2.0,2.0,6.0,1.0,,1.0,1.0,,,6.0,1.0,1.0,1.0,1.0,1.0,1.0,1.0,,9.0,1.0,2.0,1.0,3.0,1.0,1.0,1.0,1.0,1.0,1.0,,1.0
1.037657978202341,66.0,7.0,1.0,2.0,2.0,3.0,3.0,,50.0,1.0,,,1.0,5.0,2.0,2.0,6.0,1.0,,1.0,1.0,,1.0,6.0,1.0,1.0,1.0,1.0,1.0,1.0,1.0,,9.0,1.0,2.0,1.0,3.0,1.0,1.0,1.0,1.0,1.0,1.0,,1.0
1.0386576487015724,53.0,30.0,2.0,5.0,1.0,6.0,12.0,3.0,1.0,4.0,,,1.0,2.0,2.0,2.0,6.0,1.0,2.0,1.0,11.0,1.0,1.0,6.0,1.0,1.0,1.0,1.0,2.0,1.0,1.0,,9.0,1.0,2.0,1.0,3.0,1.0,1.0,1.0,1.0,1.0,1.0,,1.0
1.039657319200804,53.0,30.0,2.0,5.0,43.0,6.0,12.0,3.0,2.0,4.0,,,1.0,6.0,2.0,2.0,6.0,1.0,2.0,1.0,19.0,1.0,8.0,6.0,1.0,1.0,1.0,1.0,2.0,1.0,1.0,,9.0,1.0,2.0,1.0,3.0,1.0,1.0,1.0,1.0,1.0,1.0,,1.0
1.0406569897000355,53.0,30.0,2.0,5.0,6.0,6.0,12.0,3.0,2.0,4.0,,,1.0,4.0,2.0,2.0,6.0,1.0,2.0,1.0,19.0,1.0,8.0,6.0,1.0,1.0,1.0,1.0,2.0,1.0,1.0,,9.0,1.0,2.0,1.0,3.0,1.0,1.0,1.0,1.0,1.0,1.0,,1.0
1.0416566601992672,53.0,30.0,2.0,5.0,1.0,6.0,12.0,3.0,62.0,4.0,,,1.0,4.0,2.0,2.0,6.0,1.0,4.0,1.0,1.0,1.0,8.0,6.0,1.0,1.0,1.0,1.0,2.0,1.0,1.0,,9.0,1.0,2.0,1.0,3.0,1.0,1.0,1.0,1.0,1.0,1.0,,1.0
1.0426563306984986,11.0,22.0,7.0,3.0,3.0,1.0,12.0,1.0,3.0,1.0,2.0,1.0,,1.0,1.0,,6.0,1.0,4.0,1.0,1.0,1.0,1.0,6.0,1.0,,1.0,1.0,2.0,1.0,1.0,,9.0,1.0,2.0,1.0,3.0,1.0,1.0,1.0,1.0,1.0,1.0,,1.0
1.0436560011977303,11.0,22.0,7.0,3.0,11.0,1.0,12.0,1.0,2.0,1.0,2.0,1.0,,1.0,1.0,,6.0,1.0,2.0,1.0,4.0,1.0,1.0,6.0,1.0,,1.0,1.0,2.0,1.0,1.0,,9.0,1.0,2.0,1.0,3.0,1.0,1.0,1.0,1.0,1.0,1.0,,1.0
1.0446556716969617,11.0,22.0,7.0,3.0,4.0,1.0,1.0,1.0,3.0,1.0,2.0,1.0,,1.0,1.0,,6.0,1.0,2.0,1.0,2.0,1.0,1.0,6.0,1.0,,1.0,1.0,2.0,1.0,1.0,,1.0,1.0,2.0,1.0,3.0,1.0,1.0,1.0,1.0,1.0,1.0,,1.0
1.0456553421961934,11.0,22.0,7.0,3.0,9.0,1.0,1.0,1.0,2.0,1.0,2.0,1.0,,31.0,1.0,,6.0,1.0,1.0,1.0,1.0,1.0,1.0,6.0,1.0,,1.0,1.0,2.0,1.0,1.0,,1.0,1.0,2.0,1.0,3.0,1.0,1.0,1.0,1.0,1.0,1.0,,1.0
1.0466550126954248,27.0,2.0,3.0,10.0,1.0,4.0,1.0,2.0,1.0,1.0,,1.0,,1.0,1.0,,6.0,1.0,1.0,1.0,1.0,1.0,1.0,6.0,5.0,3.0,1.0,1.0,2.0,1.0,1.0,,1.0,1.0,2.0,1.0,3.0,1.0,1.0,1.0,1.0,1.0,1.0,,1.0
1.0476546831946565,27.0,2.0,3.0,10.0,12.0,4.0,1.0,2.0,9.0,1.0,,1.0,,4.0,1.0,,6.0,1.0,2.0,1.0,2.0,1.0,1.0,6.0,5.0,3.0,1.0,1.0,2.0,1.0,1.0,,1.0,1.0,2.0,1.0,3.0,1.0,1.0,1.0,1.0,1.0,1.0,,1.0
1.048654353693888,27.0,2.0,3.0,10.0,19.0,4.0,1.0,2.0,18.0,1.0,,1.0,,4.0,1.0,,6.0,1.0,2.0,1.0,3.0,1.0,1.0,6.0,5.0,3.0,1.0,1.0,2.0,1.0,1.0,,1.0,1.0,2.0,1.0,3.0,1.0,1.0,1.0,1.0,1.0,1.0,,1.0
1.0496540241931194,27.0,2.0,3.0,10.0,1.0,4.0,1.0,2.0,1.0,1.0,,1.0,,4.0,1.0,,6.0,1.0,2.0,1.0,1.0,1.0,1.0,6.0,5.0,3.0,1.0,1.0,2.0,1.0,1.0,,1.0,1.0,2.0,1.0,3.0,1.0,1.0,1.0,1.0,1.0,1.0,,1.0
1.050653694692351,2.0,2.0,3.0,2.0,5.0,8.0,1.0,1.0,1.0,2.0,,4.0,,3.0,1.0,1.0,4.0,1.0,2.0,1.0,1.0,1.0,1.0,6.0,1.0,,1.0,1.0,2.0,1.0,1.0,,1.0,1.0,,1.0,4.0,,7.0,1.0,2.0,1.0,1.0,,1.0
1.0516533651915825,2.0,2.0,3.0,2.0,29.0,8.0,1.0,1.0,6.0,2.0,,4.0,,3.0,1.0,1.0,4.0,1.0,82.0,1.0,35.0,1.0,2.0,6.0,1.0,,1.0,1.0,2.0,1.0,1.0,,1.0,1.0,,1.0,4.0,,7.0,1.0,2.0,1.0,1.0,,1.0
1.0526530356908141,2.0,2.0,3.0,2.0,12.0,8.0,1.0,1.0,5.0,2.0,,4.0,,2.0,1.0,1.0,4.0,1.0,,1.0,2.0,1.0,,6.0,1.0,,2.0,1.0,4.0,8.0,4.0,,7.0,1.0,,1.0,4.0,,7.0,1.0,2.0,1.0,1.0,,1.0
1.0536527061900456,2.0,2.0,3.0,2.0,6.0,8.0,1.0,1.0,1.0,2.0,,4.0,,1.0,1.0,1.0,4.0,1.0,,1.0,1.0,1.0,,6.0,1.0,,2.0,1.0,4.0,8.0,4.0,,7.0,1.0,,1.0,4.0,,7.0,1.0,2.0,1.0,1.0,,1.0
1.0546523766892772,23.0,3.0,3.0,9.0,1.0,5.0,2.0,1.0,1.0,1.0,,4.0,,3.0,1.0,1.0,14.0,1.0,,1.0,4.0,1.0,,6.0,1.0,1.0,2.0,1.0,4.0,8.0,4.0,,7.0,1.0,,1.0,4.0,,7.0,1.0,2.0,1.0,1.0,,1.0
1.0556520471885087,23.0,3.0,3.0,9.0,1.0,5.0,2.0,1.0,10.0,1.0,,4.0,,2.0,1.0,1.0,14.0,1.0,1.0,1.0,11.0,1.0,,6.0,1.0,1.0,2.0,1.0,4.0,8.0,4.0,,7.0,1.0,,1.0,4.0,,7.0,1.0,2.0,1.0,1.0,,1.0
1.0566517176877404,23.0,3.0,3.0,9.0,1.0,5.0,2.0,1.0,2.0,1.0,,4.0,,1.0,1.0,1.0,14.0,1.0,,1.0,11.0,1.0,,6.0,1.0,1.0,2.0,1.0,4.0,8.0,4.0,,7.0,1.0,,1.0,4.0,,7.0,1.0,2.0,1.0,1.0,,1.0
1.0576513881869718,23.0,3.0,3.0,9.0,2.0,5.0,2.0,1.0,2.0,1.0,,4.0,,4.0,1.0,1.0,14.0,1.0,1.0,1.0,11.0,1.0,,6.0,1.0,1.0,2.0,1.0,4.0,8.0,4.0,,7.0,1.0,,1.0,4.0,,7.0,1.0,2.0,1.0,1.0,,1.0
1.0586510586862035,31.0,3.0,6.0,10.0,3.0,4.0,2.0,1.0,6.0,4.0,6.0,24.0,,1.0,1.0,1.0,2.0,1.0,1.0,1.0,25.0,1.0,,6.0,3.0,1.0,1.0,1.0,30.0,1.0,1.0,,40.0,1.0,,1.0,4.0,,7.0,1.0,2.0,1.0,1.0,,1.0
1.059650729185435,31.0,3.0,6.0,10.0,2.0,4.0,2.0,1.0,5.0,4.0,6.0,24.0,,4.0,1.0,1.0,2.0,1.0,1.0,1.0,25.0,1.0,6.0,6.0,3.0,1.0,1.0,1.0,30.0,1.0,1.0,,40.0,1.0,,1.0,4.0,,7.0,1.0,2.0,1.0,1.0,,1.0
1.0606503996846663,31.0,3.0,6.0,10.0,2.0,4.0,2.0,1.0,3.0,4.0,6.0,24.0,,4.0,1.0,1.0,2.0,1.0,1.0,1.0,25.0,1.0,2.0,6.0,3.0,1.0,1.0,1.0,30.0,1.0,1.0,,40.0,1.0,,1.0,4.0,,7.0,1.0,2.0,1.0,1.0,,1.0
1.061650070183898,31.0,3.0,6.0,10.0,7.0,4.0,2.0,1.0,3.0,4.0,6.0,24.0,,4.0,1.0,1.0,2.0,1.0,1.0,1.0,25.0,1.0,2.0,6.0,3.0,1.0,1.0,1.0,30.0,1.0,1.0,,40.0,1.0,,1.0,4.0,,7.0,1.0,2.0,1.0,1.0,,1.0
1.0626497406831295,2.0,6.0,1.0,5.0,1.0,1.0,1.0,1.0,1.0,3.0,6.0,24.0,,1.0,1.0,1.0,2.0,1.0,1.0,1.0,16.0,2.0,2.0,6.0,3.0,,2.0,1.0,3.0,1.0,2.0,1.0,7.0,1.0,,1.0,4.0,,7.0,1.0,2.0,1.0,1.0,,1.0
1.0636494111823611,2.0,6.0,1.0,5.0,11.0,1.0,1.0,1.0,9.0,3.0,6.0,24.0,,1.0,1.0,1.0,2.0,1.0,1.0,1.0,16.0,2.0,2.0,6.0,3.0,,2.0,1.0,3.0,1.0,2.0,1.0,7.0,1.0,,1.0,4.0,,7.0,1.0,2.0,1.0,1.0,,1.0
1.0646490816815926,2.0,6.0,1.0,5.0,3.0,1.0,1.0,1.0,9.0,3.0,1.0,2.0,,,,1.0,2.0,1.0,1.0,1.0,16.0,2.0,1.0,6.0,3.0,,2.0,1.0,3.0,1.0,2.0,1.0,7.0,1.0,,1.0,4.0,,7.0,1.0,2.0,1.0,1.0,,1.0
1.0656487521808242,2.0,6.0,1.0,5.0,2.0,1.0,1.0,1.0,3.0,3.0,1.0,2.0,,,,1.0,2.0,1.0,1.0,1.0,16.0,1.0,1.0,6.0,3.0,,2.0,1.0,3.0,1.0,2.0,1.0,7.0,1.0,,1.0,4.0,,7.0,1.0,2.0,1.0,1.0,,1.0
1.0666484226800557,51.0,4.0,3.0,3.0,1.0,18.0,1.0,2.0,1.0,3.0,1.0,2.0,,1.0,,1.0,2.0,1.0,2.0,1.0,32.0,1.0,1.0,6.0,1.0,,2.0,1.0,3.0,1.0,2.0,1.0,7.0,1.0,,1.0,4.0,,7.0,1.0,2.0,1.0,1.0,,1.0
1.0676480931792873,51.0,4.0,3.0,3.0,1.0,18.0,1.0,2.0,1.0,3.0,1.0,2.0,,1.0,,1.0,2.0,1.0,2.0,1.0,32.0,1.0,1.0,6.0,1.0,,2.0,1.0,3.0,1.0,2.0,1.0,7.0,1.0,,1.0,4.0,,7.0,1.0,2.0,1.0,1.0,,1.0
1.0686477636785188,51.0,4.0,3.0,3.0,4.0,18.0,1.0,2.0,1.0,,1.0,2.0,,1.0,,1.0,2.0,1.0,2.0,1.0,32.0,1.0,1.0,6.0,1.0,,4.0,1.0,2.0,,6.0,15.0,15.0,1.0,,1.0,4.0,,7.0,1.0,2.0,1.0,1.0,,1.0
1.0696474341777502,51.0,4.0,3.0,3.0,4.0,18.0,1.0,2.0,1.0,,1.0,2.0,,1.0,,1.0,2.0,1.0,2.0,1.0,32.0,1.0,2.0,6.0,1.0,,4.0,1.0,2.0,,6.0,15.0,15.0,1.0,,1.0,4.0,,7.0,1.0,2.0,1.0,1.0,,1.0
1.0706471046769819,66.0,2.0,3.0,1.0,1.0,2.0,1.0,1.0,2.0,,1.0,2.0,,3.0,,1.0,2.0,1.0,1.0,1.0,38.0,3.0,2.0,6.0,5.0,,4.0,1.0,2.0,,6.0,15.0,15.0,,1.0,3.0,1.0,,,1.0,2.0,1.0,1.0,,1.0
1.0716467751762133,66.0,2.0,3.0,1.0,2.0,2.0,1.0,1.0,1.0,,1.0,2.0,,1.0,,1.0,2.0,1.0,1.0,1.0,38.0,3.0,1.0,6.0,5.0,,4.0,1.0,2.0,,6.0,15.0,15.0,,1.0,3.0,1.0,,,1.0,2.0,1.0,1.0,,1.0
1.072646445675445,66.0,2.0,3.0,1.0,1.0,2.0,1.0,1.0,1.0,,1.0,1.0,,1.0,,1.0,2.0,1.0,1.0,1.0,38.0,3.0,1.0,6.0,5.0,,4.0,1.0,2.0,,6.0,15.0,15.0,,1.0,3.0,1.0,,,1.0,2.0,1.0,1.0,,1.0
1.0736461161746764,66.0,2.0,3.0,1.0,1.0,2.0,1.0,1.0,1.0,,1.0,1.0,,,,1.0,2.0,1.0,1.0,1.0,38.0,3.0,1.0,6.0,5.0,,4.0,1.0,2.0,,6.0,15.0,15.0,,1.0,3.0,1.0,,,1.0,2.0,1.0,1.0,,1.0
1.074645786673908,6.0,3.0,3.0,3.0,3.0,2.0,1.0,1.0,2.0,1.0,,1.0,,1.0,,1.0,2.0,1.0,1.0,1.0,1.0,4.0,3.0,6.0,2.0,2.0,4.0,1.0,2.0,,6.0,15.0,15.0,,1.0,3.0,1.0,,,1.0,2.0,1.0,1.0,,1.0
1.0756454571731395,6.0,3.0,3.0,3.0,2.0,2.0,1.0,1.0,10.0,1.0,,1.0,,2.0,,1.0,2.0,1.0,1.0,1.0,1.0,4.0,3.0,6.0,2.0,2.0,4.0,1.0,2.0,,6.0,15.0,15.0,,1.0,3.0,1.0,,,1.0,2.0,1.0,1.0,,1.0
1.0766451276723712,6.0,3.0,3.0,3.0,2.0,2.0,1.0,1.0,10.0,1.0,,1.0,,1.0,,1.0,2.0,1.0,6.0,1.0,1.0,4.0,3.0,6.0,2.0,2.0,16.0,1.0,101.0,1.0,,,1.0,,1.0,3.0,1.0,,,1.0,2.0,1.0,1.0,,1.0
1.0776447981716026,6.0,3.0,3.0,3.0,2.0,2.0,1.0,1.0,1.0,1.0,,1.0,,,,1.0,2.0,1.0,6.0,1.0,1.0,4.0,4.0,6.0,2.0,2.0,16.0,1.0,101.0,1.0,,,1.0,,1.0,3.0,1.0,,,1.0,2.0,1.0,1.0,,1.0
1.0786444686708343,3.0,14.0,11.0,1.0,1.0,1.0,3.0,12.0,1.0,1.0,,1.0,,,,1.0,2.0,1.0,6.0,1.0,92.0,1.0,4.0,6.0,2.0,2.0,16.0,1.0,101.0,1.0,,,1.0,,1.0,3.0,1.0,,,1.0,2.0,1.0,1.0,,1.0
1.0796441391700657,3.0,14.0,11.0,1.0,4.0,1.0,3.0,12.0,4.0,1.0,,1.0,,2.0,,1.0,2.0,1.0,6.0,1.0,92.0,1.0,12.0,6.0,2.0,2.0,16.0,1.0,101.0,1.0,,,1.0,,1.0,3.0,1.0,,,1.0,2.0,1.0,1.0,,1.0
1.0806438096692972,3.0,14.0,11.0,1.0,1.0,1.0,3.0,12.0,1.0,1.0,9.0,1.0,,2.0,,1.0,2.0,1.0,6.0,1.0,92.0,1.0,5.0,6.0,2.0,2.0,16.0,1.0,101.0,1.0,,,1.0,,1.0,3.0,1.0,,,1.0,2.0,1.0,1.0,,1.0
1.0816434801685288,3.0,14.0,11.0,1.0,1.0,1.0,3.0,12.0,1.0,1.0,9.0,1.0,,2.0,,1.0,2.0,1.0,6.0,1.0,92.0,1.0,1.0,6.0,2.0,2.0,16.0,1.0,101.0,1.0,,,1.0,,1.0,3.0,1.0,,,1.0,2.0,1.0,1.0,,1.0
1.0826431506677603,10.0,6.0,5.0,1.0,,10.0,2.0,12.0,1.0,1.0,9.0,1.0,1.0,1.0,,1.0,2.0,1.0,2.0,1.0,1.0,1.0,1.0,6.0,73.0,2.0,16.0,1.0,101.0,1.0,,,1.0,,1.0,3.0,1.0,,,1.0,2.0,1.0,1.0,,1.0
1.083642821166992,10.0,6.0,5.0,1.0,1.0,10.0,2.0,12.0,1.0,1.0,9.0,1.0,1.0,1.0,,1.0,2.0,1.0,2.0,1.0,1.0,1.0,1.0,6.0,73.0,2.0,16.0,1.0,101.0,1.0,,,1.0,,1.0,3.0,1.0,,,1.0,2.0,1.0,1.0,,1.0
1.0846424916662234,10.0,6.0,5.0,1.0,1.0,10.0,2.0,1.0,18.0,1.0,9.0,1.0,1.0,1.0,,1.0,2.0,1.0,2.0,1.0,1.0,1.0,1.0,6.0,73.0,2.0,2.0,1.0,1.0,2.0,1.0,,1.0,,1.0,3.0,1.0,,,1.0,2.0,1.0,1.0,,1.0
1.085642162165455,10.0,6.0,5.0,1.0,2.0,10.0,2.0,1.0,3.0,1.0,9.0,1.0,1.0,1.0,,1.0,2.0,1.0,2.0,1.0,1.0,1.0,1.0,6.0,73.0,2.0,2.0,1.0,1.0,2.0,1.0,,1.0,,1.0,3.0,1.0,,,1.0,2.0,1.0,1.0,,1.0
1.0866418326646865,2.0,,1.0,2.0,,12.0,2.0,1.0,3.0,,,1.0,1.0,11.0,,1.0,2.0,1.0,2.0,1.0,1.0,,1.0,6.0,6.0,2.0,2.0,1.0,1.0,2.0,1.0,,1.0,,1.0,3.0,1.0,,,1.0,2.0,1.0,1.0,,1.0
1.0876415031639182,2.0,,1.0,2.0,1.0,12.0,2.0,1.0,1.0,,,1.0,1.0,11.0,,1.0,2.0,1.0,2.0,1.0,1.0,,4.0,6.0,6.0,2.0,2.0,1.0,1.0,2.0,1.0,,1.0,,1.0,3.0,1.0,,,1.0,2.0,1.0,1.0,,1.0
1.0886411736631496,2.0,,1.0,2.0,5.0,12.0,1.0,1.0,1.0,,,1.0,1.0,11.0,,1.0,2.0,1.0,2.0,1.0,1.0,,1.0,6.0,6.0,2.0,2.0,1.0,1.0,2.0,1.0,,1.0,,1.0,3.0,1.0,,,1.0,2.0,1.0,1.0,,1.0
1.0896408441623813,2.0,,1.0,2.0,3.0,12.0,1.0,1.0,1.0,,,1.0,1.0,1.0,,1.0,2.0,1.0,2.0,1.0,1.0,,1.0,6.0,6.0,2.0,2.0,1.0,1.0,2.0,1.0,,1.0,,1.0,3.0,1.0,,,1.0,2.0,1.0,1.0,,1.0
1.0906405146616127,2.0,1.0,1.0,1.0,1.0,12.0,1.0,1.0,1.0,,,2.0,1.0,1.0,,1.0,2.0,1.0,2.0,1.0,2.0,1.0,4.0,6.0,,2.0,2.0,1.0,1.0,2.0,1.0,,1.0,,,2.0,9.0,,,1.0,2.0,1.0,,3.0,1.0
1.0916401851608442,2.0,1.0,1.0,1.0,2.0,12.0,1.0,1.0,3.0,,,2.0,1.0,12.0,,1.0,2.0,1.0,2.0,1.0,2.0,1.0,4.0,6.0,,2.0,2.0,1.0,1.0,2.0,1.0,,1.0,,,2.0,9.0,,,1.0,2.0,1.0,,3.0,1.0
1.0926398556600758,1.0,1.0,1.0,1.0,1.0,1.0,1.0,1.0,2.0,1.0,,2.0,1.0,2.0,,1.0,2.0,1.0,2.0,1.0,2.0,1.0,4.0,6.0,,1.0,2.0,1.0,4.0,3.0,2.0,,,,,2.0,9.0,,,1.0,2.0,1.0,,3.0,1.0
1.0936395261593073,1.0,1.0,1.0,1.0,1.0,1.0,1.0,1.0,1.0,1.0,,2.0,1.0,2.0,,1.0,2.0,1.0,2.0,1.0,2.0,1.0,4.0,6.0,,1.0,2.0,1.0,4.0,3.0,2.0,,,,,2.0,9.0,,,1.0,2.0,1.0,,3.0,1.0
1.094639196658539,1.0,1.0,,1.0,1.0,1.0,1.0,1.0,1.0,1.0,,2.0,1.0,1.0,,1.0,2.0,1.0,2.0,1.0,1.0,1.0,1.0,6.0,6.0,1.0,2.0,1.0,4.0,3.0,2.0,,,,,2.0,9.0,,,1.0,2.0,1.0,,3.0,1.0
1.0956388671577704,1.0,1.0,,1.0,9.0,1.0,1.0,1.0,15.0,1.0,,2.0,1.0,1.0,,1.0,2.0,1.0,2.0,1.0,1.0,1.0,1.0,6.0,6.0,1.0,2.0,1.0,4.0,3.0,2.0,,,,,2.0,9.0,,,1.0,2.0,1.0,,3.0,1.0
1.096638537657002,1.0,1.0,,1.0,9.0,1.0,1.0,1.0,15.0,1.0,,2.0,1.0,1.0,,1.0,2.0,1.0,6.0,1.0,1.0,1.0,,6.0,6.0,1.0,2.0,1.0,4.0,3.0,2.0,,,,,2.0,9.0,,,1.0,2.0,1.0,,3.0,1.0
1.0996375491546966,2.0,,1.0,1.0,1.0,,1.0,1.0,1.0,1.0,,2.0,1.0,2.0,,1.0,2.0,1.0,6.0,1.0,2.0,1.0,4.0,6.0,9.0,1.0,2.0,1.0,278.0,1.0,,,200.0,,,2.0,9.0,,,1.0,2.0,1.0,,3.0,1.0
1.100637219653928,2.0,,1.0,1.0,1.0,,,1.0,1.0,1.0,,2.0,1.0,2.0,,1.0,2.0,1.0,6.0,1.0,2.0,1.0,,6.0,9.0,1.0,2.0,1.0,278.0,1.0,,,200.0,,,2.0,9.0,,,1.0,2.0,1.0,,3.0,1.0
1.1016368901531597,2.0,,1.0,1.0,1.0,,,1.0,1.0,1.0,,2.0,1.0,1.0,,1.0,2.0,1.0,6.0,1.0,2.0,1.0,1.0,6.0,9.0,1.0,2.0,1.0,278.0,1.0,,,200.0,,,2.0,9.0,,,1.0,2.0,1.0,,3.0,1.0
1.1026365606523911,1.0,,1.0,5.0,2.0,,,1.0,3.0,1.0,,2.0,1.0,1.0,,1.0,2.0,1.0,6.0,1.0,3.0,1.0,,6.0,4.0,1.0,2.0,1.0,2.0,1.0,3.0,1.0,1.0,,,2.0,9.0,,,1.0,2.0,1.0,,3.0,1.0
1.1036362311516228,1.0,,1.0,5.0,2.0,,,1.0,3.0,1.0,,2.0,1.0,1.0,,1.0,2.0,1.0,6.0,1.0,3.0,1.0,1.0,6.0,4.0,1.0,2.0,1.0,2.0,1.0,3.0,1.0,1.0,,,2.0,9.0,,,1.0,2.0,1.0,,3.0,1.0
1.105635572150086,1.0,,1.0,5.0,2.0,,,1.0,3.0,1.0,,2.0,1.0,1.0,,1.0,2.0,1.0,6.0,1.0,3.0,1.0,1.0,6.0,4.0,1.0,2.0,1.0,2.0,1.0,3.0,1.0,1.0,,,2.0,9.0,,,1.0,2.0,1.0,,3.0,1.0
1.1066352426493173,1.0,,,5.0,1.0,,,1.0,1.0,1.0,,2.0,1.0,1.0,,1.0,2.0,1.0,6.0,1.0,6.0,1.0,1.0,6.0,15.0,1.0,2.0,1.0,2.0,1.0,3.0,1.0,1.0,,,2.0,9.0,,,1.0,2.0,1.0,,3.0,1.0
1.107634913148549,1.0,,,5.0,1.0,,,1.0,1.0,1.0,,2.0,1.0,4.0,,1.0,2.0,1.0,6.0,1.0,6.0,1.0,1.0,6.0,15.0,1.0,2.0,1.0,2.0,1.0,3.0,1.0,1.0,,,2.0,9.0,,,1.0,2.0,1.0,,3.0,1.0
1.1086345836477804,,,,5.0,1.0,2.0,,1.0,1.0,,,2.0,1.0,1.0,,1.0,2.0,1.0,6.0,1.0,6.0,1.0,1.0,6.0,15.0,1.0,2.0,1.0,2.0,1.0,3.0,1.0,1.0,,,2.0,9.0,,,1.0,2.0,1.0,,3.0,1.0
1.1106339246462436,,,,5.0,1.0,2.0,,,1.0,,,2.0,1.0,2.0,,1.0,2.0,1.0,1.0,1.0,1.0,1.0,1.0,6.0,2.0,1.0,2.0,1.0,2.0,1.0,3.0,1.0,1.0,,2.0,3.0,5.0,,,1.0,1.0,1.0,,3.0,1.0
1.111633595145475,,,,5.0,1.0,2.0,,,1.0,,,2.0,1.0,2.0,,1.0,2.0,1.0,1.0,1.0,1.0,1.0,1.0,6.0,2.0,1.0,2.0,1.0,2.0,1.0,3.0,1.0,1.0,,2.0,3.0,5.0,,,1.0,1.0,1.0,,3.0,1.0
1.1126332656447067,,,,1.0,1.0,2.0,,,1.0,,,2.0,1.0,2.0,,1.0,2.0,1.0,1.0,1.0,1.0,1.0,1.0,6.0,2.0,1.0,1.0,1.0,38.0,1.0,3.0,1.0,1.0,,2.0,3.0,5.0,,,1.0,1.0,1.0,,3.0,1.0
1.113632936143938,,,,1.0,1.0,2.0,,,1.0,,,2.0,1.0,2.0,,1.0,2.0,1.0,1.0,1.0,1.0,1.0,,6.0,2.0,1.0,1.0,1.0,38.0,1.0,3.0,1.0,1.0,,2.0,3.0,5.0,,,1.0,1.0,1.0,,3.0,1.0
1.1156322771424012,,,,1.0,9.0,2.0,,,3.0,,,2.0,1.0,2.0,,1.0,2.0,1.0,1.0,1.0,1.0,1.0,1.0,6.0,4.0,1.0,1.0,1.0,38.0,1.0,3.0,1.0,1.0,,2.0,3.0,5.0,,,1.0,1.0,1.0,,3.0,1.0
1.1166319476416329,,,,1.0,9.0,2.0,,,3.0,1.0,,2.0,1.0,2.0,,1.0,2.0,1.0,1.0,1.0,1.0,1.0,1.0,6.0,4.0,1.0,1.0,1.0,38.0,1.0,3.0,1.0,1.0,,2.0,3.0,5.0,,,1.0,1.0,1.0,,3.0,1.0
1.118631288640096,1.0,,,1.0,5.0,,,,2.0,1.0,,2.0,1.0,2.0,,1.0,2.0,1.0,1.0,1.0,1.0,1.0,10.0,6.0,2.0,1.0,1.0,1.0,38.0,1.0,3.0,1.0,1.0,,2.0,3.0,5.0,,,1.0,1.0,1.0,,3.0,1.0
1.1196309591393274,1.0,,,1.0,5.0,,,,2.0,1.0,,2.0,1.0,2.0,,1.0,2.0,1.0,1.0,1.0,1.0,1.0,3.0,6.0,2.0,1.0,1.0,1.0,38.0,1.0,3.0,1.0,1.0,,2.0,3.0,5.0,,,1.0,1.0,1.0,,3.0,1.0
1.122629970637022,,1.0,,1.0,1.0,,,,1.0,1.0,1.0,1.0,1.0,1.0,,1.0,2.0,1.0,1.0,1.0,6.0,1.0,3.0,6.0,1.0,1.0,1.0,1.0,38.0,1.0,3.0,1.0,1.0,,2.0,3.0,5.0,,,1.0,1.0,1.0,2.0,3.0,1.0
1.1236296411362536,,1.0,,1.0,1.0,,,,1.0,1.0,1.0,1.0,1.0,2.0,,1.0,2.0,1.0,1.0,1.0,6.0,1.0,3.0,6.0,1.0,1.0,1.0,1.0,38.0,1.0,3.0,1.0,1.0,,2.0,3.0,5.0,,,1.0,1.0,1.0,2.0,3.0,1.0
1.1276283231331798,,1.0,,1.0,6.0,,,,1.0,1.0,1.0,1.0,1.0,,,1.0,2.0,1.0,5.0,1.0,4.0,1.0,1.0,6.0,1.0,20.0,1.0,1.0,38.0,1.0,3.0,1.0,1.0,,2.0,3.0,5.0,,,1.0,1.0,1.0,2.0,3.0,1.0
1.1316270051301058,,,,13.0,1.0,,,,5.0,1.0,1.0,1.0,1.0,,,1.0,2.0,1.0,,1.0,1.0,1.0,1.0,6.0,1.0,20.0,1.0,1.0,2.0,1.0,3.0,2.0,4.0,,1.0,3.0,6.0,,,1.0,1.0,1.0,2.0,3.0,1.0
1.1346260166278006,1.0,,2.0,13.0,1.0,,,,2.0,,1.0,1.0,1.0,1.0,,1.0,2.0,1.0,,1.0,1.0,1.0,3.0,6.0,2.0,8.0,1.0,1.0,2.0,1.0,2.0,2.0,4.0,,1.0,3.0,6.0,,,1.0,1.0,1.0,2.0,3.0,1.0
1.135625687127032,1.0,,2.0,13.0,1.0,,,,2.0,,1.0,1.0,1.0,1.0,,1.0,2.0,1.0,,1.0,1.0,1.0,3.0,6.0,2.0,8.0,1.0,1.0,2.0,1.0,2.0,2.0,4.0,,1.0,3.0,6.0,,,1.0,1.0,1.0,2.0,3.0,1.0
1.1396243691239583,1.0,,2.0,13.0,20.0,,,,2.0,4.0,1.0,1.0,1.0,1.0,,1.0,2.0,1.0,,1.0,1.0,1.0,1.0,6.0,2.0,8.0,1.0,1.0,2.0,1.0,2.0,2.0,4.0,,1.0,3.0,6.0,,,1.0,1.0,1.0,2.0,3.0,1.0
1.1436230511208845,1.0,,2.0,13.0,,,,,1.0,4.0,1.0,1.0,1.0,,,1.0,2.0,1.0,,1.0,1.0,1.0,1.0,6.0,2.0,8.0,1.0,1.0,2.0,1.0,2.0,2.0,4.0,,1.0,3.0,6.0,,,1.0,1.0,1.0,2.0,3.0,1.0
1.1476217331178107,1.0,,2.0,13.0,,,,,,4.0,1.0,1.0,1.0,1.0,,1.0,2.0,1.0,2.0,1.0,1.0,1.0,1.0,6.0,3.0,8.0,1.0,1.0,2.0,1.0,2.0,2.0,4.0,,1.0,3.0,6.0,,,1.0,1.0,1.0,2.0,3.0,1.0
1.151620415114737,,,4.0,,,,1.0,,,,1.0,1.0,1.0,1.0,,1.0,2.0,1.0,2.0,1.0,1.0,1.0,,6.0,3.0,1.0,3.0,1.0,1.0,1.0,2.0,1.0,19.0,,2.0,1.0,5.0,,,1.0,20.0,1.0,,3.0,1.0
1.1556190971116629,,,4.0,,165.0,,1.0,,,,1.0,1.0,1.0,1.0,,1.0,2.0,1.0,1.0,1.0,3.0,1.0,,6.0,1.0,1.0,3.0,1.0,1.0,1.0,2.0,1.0,19.0,,2.0,1.0,5.0,,,1.0,20.0,1.0,,3.0,1.0
1.159617779108589,,,4.0,,4.0,,1.0,,1.0,,1.0,1.0,1.0,,,1.0,2.0,1.0,5.0,1.0,1.0,1.0,1.0,6.0,2.0,1.0,3.0,1.0,1.0,1.0,2.0,1.0,19.0,,2.0,1.0,5.0,,,1.0,20.0,1.0,,3.0,1.0
1.1676151431024415,,,4.0,,,,1.0,,2.0,,1.0,1.0,1.0,1.0,,1.0,2.0,1.0,5.0,1.0,1.0,1.0,1.0,6.0,2.0,1.0,3.0,1.0,1.0,1.0,2.0,1.0,19.0,,2.0,1.0,5.0,,,,20.0,1.0,,3.0,1.0
1.1716138250993677,,,1.0,,,1.0,1.0,,1.0,1.0,1.0,,,1.0,,1.0,2.0,1.0,3.0,1.0,2.0,1.0,4.0,6.0,4.0,1.0,1.0,1.0,15.0,3.0,3.0,,1.0,,,,2.0,,,,8.0,1.0,,3.0,1.0
1.1756125070962937,,,1.0,,1.0,1.0,1.0,,1.0,1.0,1.0,,,,,1.0,2.0,1.0,3.0,1.0,2.0,1.0,4.0,6.0,4.0,1.0,1.0,1.0,15.0,3.0,3.0,,1.0,,,,2.0,,,,8.0,1.0,,3.0,1.0
1.17961118909322,2.0,,1.0,,4.0,1.0,1.0,,1.0,1.0,1.0,,,,,1.0,2.0,1.0,3.0,1.0,2.0,1.0,4.0,6.0,4.0,1.0,1.0,1.0,15.0,3.0,3.0,,1.0,,,,2.0,,,,8.0,1.0,,3.0,1.0
1.1836098710901461,2.0,,1.0,,4.0,1.0,1.0,,,1.0,1.0,,,,,1.0,2.0,1.0,3.0,1.0,2.0,1.0,4.0,6.0,4.0,1.0,1.0,1.0,15.0,3.0,3.0,,1.0,,,,2.0,,,,8.0,1.0,,3.0,1.0
1.1876085530870724,2.0,,1.0,,,1.0,1.0,,,1.0,1.0,,,,,1.0,2.0,1.0,3.0,1.0,2.0,1.0,4.0,6.0,4.0,1.0,1.0,1.0,15.0,3.0,3.0,,1.0,,,,2.0,,,,8.0,1.0,,3.0,1.0
1.1916072350839986,2.0,,1.0,,,1.0,,1.0,1.0,1.0,1.0,,,2.0,,1.0,2.0,1.0,3.0,1.0,25.0,1.0,2.0,6.0,1.0,1.0,1.0,1.0,5.0,1.0,3.0,1.0,1.0,,,,16.0,,,,22.0,1.0,2.0,3.0,1.0
1.1956059170809246,2.0,,1.0,,1.0,1.0,,1.0,1.0,1.0,1.0,,,2.0,,1.0,2.0,1.0,3.0,1.0,25.0,1.0,2.0,6.0,1.0,1.0,1.0,1.0,5.0,1.0,3.0,1.0,1.0,,,,16.0,,,,22.0,1.0,2.0,3.0,1.0
1.1996045990778508,2.0,,1.0,,1.0,1.0,,1.0,3.0,1.0,1.0,,,2.0,,1.0,2.0,1.0,3.0,1.0,25.0,1.0,2.0,6.0,1.0,1.0,1.0,1.0,5.0,1.0,3.0,1.0,1.0,,,,16.0,,,,22.0,1.0,2.0,3.0,1.0
1.2195980090624816,2.0,,1.0,1.0,2.0,,,,,1.0,,,,1.0,,1.0,2.0,1.0,,1.0,1.0,42.0,3.0,6.0,4.0,6.0,3.0,1.0,16.0,,,4.0,10.0,,,,,,,,1.0,1.0,2.0,3.0,1.0
1.2315940550532603,2.0,,1.0,1.0,,,1.0,2.0,2.0,1.0,,,,,,1.0,2.0,1.0,,1.0,31.0,42.0,3.0,6.0,4.0,3.0,9.0,1.0,12.0,,,,,,,,,,,,1.0,1.0,2.0,3.0,1.0
1.2395914190471125,2.0,,1.0,1.0,,,1.0,2.0,2.0,1.0,,,,3.0,,1.0,2.0,1.0,,1.0,31.0,42.0,3.0,6.0,4.0,3.0,9.0,1.0,12.0,,,,,,,,,,,,1.0,1.0,2.0,3.0,1.0
1.2595848290317433,2.0,,1.0,1.0,,,1.0,2.0,2.0,1.0,,,,3.0,,1.0,2.0,1.0,,1.0,31.0,42.0,3.0,6.0,4.0,8.0,6.0,1.0,3.0,,,1.0,18.0,,1.0,,60.0,,,,2.0,1.0,2.0,3.0,1.0
1.2795782390163741,2.0,,1.0,1.0,,,1.0,2.0,2.0,1.0,,,,3.0,,1.0,2.0,1.0,,1.0,31.0,42.0,3.0,6.0,4.0,8.0,6.0,1.0,3.0,,,1.0,1.0,,1.0,,2.0,,,,2.0,1.0,,3.0,1.0
1.3195650589856358,2.0,,1.0,1.0,,,1.0,2.0,2.0,1.0,,,,3.0,,1.0,2.0,1.0,,1.0,31.0,42.0,3.0,6.0,4.0,8.0,6.0,1.0,3.0,,,1.0,1.0,,1.0,,2.0,,,,2.0,1.0,,3.0,1.0
